-- MySQL Administrator dump 1.4
--
-- ------------------------------------------------------
-- Server version	5.1.26-rc-community


/*!40101 SET @OLD_CHARACTER_SET_CLIENT=@@CHARACTER_SET_CLIENT */;
/*!40101 SET @OLD_CHARACTER_SET_RESULTS=@@CHARACTER_SET_RESULTS */;
/*!40101 SET @OLD_COLLATION_CONNECTION=@@COLLATION_CONNECTION */;
/*!40101 SET NAMES utf8 */;

/*!40014 SET @OLD_UNIQUE_CHECKS=@@UNIQUE_CHECKS, UNIQUE_CHECKS=0 */;
/*!40014 SET @OLD_FOREIGN_KEY_CHECKS=@@FOREIGN_KEY_CHECKS, FOREIGN_KEY_CHECKS=0 */;
/*!40101 SET @OLD_SQL_MODE=@@SQL_MODE, SQL_MODE='NO_AUTO_VALUE_ON_ZERO' */;


--
-- Create schema matrimonial_system
--

CREATE DATABASE IF NOT EXISTS matrimonial_system;
USE matrimonial_system;

--
-- Definition of table `event_booking`
--

DROP TABLE IF EXISTS `event_booking`;
CREATE TABLE `event_booking` (
  `Event_id` varchar(8) NOT NULL DEFAULT 'not null',
  `wedding_id` varchar(8) DEFAULT NULL,
  `service_code` varchar(10) NOT NULL DEFAULT 'NOT NULL',
  `Event_Date` date DEFAULT NULL,
  KEY `FK_event_id` (`Event_id`),
  KEY `FK_weeding_id` (`wedding_id`),
  KEY `FK_service_code` (`service_code`) USING BTREE,
  CONSTRAINT `FK_service_code` FOREIGN KEY (`service_code`) REFERENCES `service_list` (`Service_code`),
  CONSTRAINT `FK_event_id` FOREIGN KEY (`Event_id`) REFERENCES `event_master` (`Event_id`),
  CONSTRAINT `FK_weeding_id` FOREIGN KEY (`wedding_id`) REFERENCES `master_wed` (`Wedding_id`)
) ENGINE=InnoDB DEFAULT CHARSET=latin1;

--
-- Dumping data for table `event_booking`
--

/*!40000 ALTER TABLE `event_booking` DISABLE KEYS */;
INSERT INTO `event_booking` (`Event_id`,`wedding_id`,`service_code`,`Event_Date`) VALUES 
 ('E1','W1','SER_1','2012-12-10'),
 ('E1','W1','SER_3','2012-12-10'),
 ('E1','W1','SER_4','2012-12-10'),
 ('E1','W1','SER_5','2012-12-10'),
 ('E2','W1','SER_2','2012-12-12'),
 ('E2','W1','SER_3','2012-12-12'),
 ('E2','W1','SER_8','2012-12-12'),
 ('E3','W1','SER_2','2012-12-13'),
 ('E3','W1','SER_3','2012-12-13'),
 ('E3','W1','SER_4','2012-12-13'),
 ('E4','W1','SER_2','2012-12-20'),
 ('E4','W1','SER_3','2012-12-20'),
 ('E4','W1','SER_7','2012-12-20'),
 ('E4','W1','SER_8','2012-12-20'),
 ('E4','W1','SER_9','2012-12-20'),
 ('E9','W1','SER_1','2012-12-20'),
 ('E9','W1','SER_5','2012-12-20'),
 ('E9','W1','SER_6','2012-12-20'),
 ('E5','W1','SER_2','2012-12-20'),
 ('E5','W1','SER_3','2012-12-20'),
 ('E5','W1','SER_4','2012-12-20'),
 ('E6','W1','SER_2','2012-12-20'),
 ('E6','W1','SER_3','2012-12-20'),
 ('E6','W1','SER_4','2012-12-20'),
 ('E8','W1','SER_1','2012-12-22'),
 ('E8','W1','SER_2','2012-12-22'),
 ('E8','W1','SER_3','2012-12-22'),
 ('E8','W1','SER_4','2012-12-22'),
 ('E8','W1','SER_5','2012-12-22'),
 ('E8','W1','SER_6','2012-12-22'),
 ('E8','W1','SER_8','2012-12-22');
/*!40000 ALTER TABLE `event_booking` ENABLE KEYS */;


--
-- Definition of table `event_master`
--

DROP TABLE IF EXISTS `event_master`;
CREATE TABLE `event_master` (
  `Event_id` varchar(8) NOT NULL DEFAULT 'not null',
  `event_name` varchar(50) DEFAULT NULL,
  PRIMARY KEY (`Event_id`)
) ENGINE=InnoDB DEFAULT CHARSET=latin1;

--
-- Dumping data for table `event_master`
--

/*!40000 ALTER TABLE `event_master` DISABLE KEYS */;
INSERT INTO `event_master` (`Event_id`,`event_name`) VALUES 
 ('E1','Engagement Ceremony'),
 ('E2','Mehendi Celebration'),
 ('E3','Sangeet Party'),
 ('E4','Tilak Ceremony'),
 ('E5','Mandap'),
 ('E6','Var Mala'),
 ('E7','Vidaai Ceremony'),
 ('E8','Reception'),
 ('E9','Dinner');
/*!40000 ALTER TABLE `event_master` ENABLE KEYS */;


--
-- Definition of table `halls`
--

DROP TABLE IF EXISTS `halls`;
CREATE TABLE `halls` (
  `Place_id` varchar(8) NOT NULL,
  `Hall_id` varchar(8) NOT NULL,
  `Hall_name` varchar(45) NOT NULL,
  `Address` varchar(50) NOT NULL,
  `capacity` int(5) unsigned NOT NULL,
  `Charges` int(5) unsigned NOT NULL,
  `Status` varchar(20) NOT NULL,
  PRIMARY KEY (`Hall_id`)
) ENGINE=InnoDB DEFAULT CHARSET=latin1;

--
-- Dumping data for table `halls`
--

/*!40000 ALTER TABLE `halls` DISABLE KEYS */;
INSERT INTO `halls` (`Place_id`,`Hall_id`,`Hall_name`,`Address`,`capacity`,`Charges`,`Status`) VALUES 
 ('P1','P1_H1','Mayur garden','M-12,velachery',1000,120000,'Available'),
 ('P1','P1_H2','Knotting Hills','M-45,velachery',1200,130000,'Not available'),
 ('P1','P1_H3','Gymkhana club','M-34,velachery',1300,145000,'Available'),
 ('P1','P1_H4','Buddha garden','M-56,velachery',1500,150000,'Available'),
 ('P2','P2_H1','crown interiorz halls','A-56,anna nagar',1200,125000,'Not available'),
 ('P2','P2_H2','Ambience hall','A-78,anna nagar',1300,135000,'Available'),
 ('P2','P2_H3','Shalimar garden','A-54,anna nagar',1600,155000,'Not available'),
 ('P2','P2_H4','Manhattan palace','A-67,anna nagar',1100,135000,'Available'),
 ('P3','P3_H1','Pristine palace','AD-23,Adyar',2000,145000,'Not available'),
 ('P3','P3_H2','Rajnikanth garden','AD-77,Adyar',1250,130000,'Available'),
 ('P3','P3_H3','Titanic halls','AD-70,Adyar',1350,140000,'Not available'),
 ('P3','P3_H4','Green coconut resort','AD-90,Adyar',1200,120000,'Available'),
 ('P4','P4_H1','Dilshad garden','R-31,Royahpetah',1000,150000,'Not available'),
 ('P4','P4_H2','Ashok vatika','R-51,Royahpetah',1400,140000,'Available'),
 ('P4','P4_H3','Abhinandan vatika','R-89,Royahpetah',1450,135000,'Not available'),
 ('P4','P4_H4','Ruby garden','R-73,Royahpetah',1350,150000,'Available');
/*!40000 ALTER TABLE `halls` ENABLE KEYS */;


--
-- Definition of table `master_wed`
--

DROP TABLE IF EXISTS `master_wed`;
CREATE TABLE `master_wed` (
  `user_id` varchar(8) NOT NULL DEFAULT 'not null',
  `partner_id` varchar(8) NOT NULL,
  `Wedding_id` varchar(8) NOT NULL,
  PRIMARY KEY (`Wedding_id`)
) ENGINE=InnoDB DEFAULT CHARSET=latin1;

--
-- Dumping data for table `master_wed`
--

/*!40000 ALTER TABLE `master_wed` DISABLE KEYS */;
INSERT INTO `master_wed` (`user_id`,`partner_id`,`Wedding_id`) VALUES 
 ('001','002','W1');
/*!40000 ALTER TABLE `master_wed` ENABLE KEYS */;


--
-- Definition of table `patron_details`
--

DROP TABLE IF EXISTS `patron_details`;
CREATE TABLE `patron_details` (
  `booking_id` varchar(8) NOT NULL,
  `wedding_id` varchar(8) NOT NULL,
  `events_booked` varchar(100) DEFAULT NULL,
  `booked_by` varchar(20) DEFAULT NULL,
  `contact_no` int(10) unsigned DEFAULT NULL,
  `booking_date` date DEFAULT NULL,
  PRIMARY KEY (`booking_id`)
) ENGINE=InnoDB DEFAULT CHARSET=latin1;

--
-- Dumping data for table `patron_details`
--

/*!40000 ALTER TABLE `patron_details` DISABLE KEYS */;
INSERT INTO `patron_details` (`booking_id`,`wedding_id`,`events_booked`,`booked_by`,`contact_no`,`booking_date`) VALUES 
 ('B1','W1','E1,E2,E3,E4,E5,E6,E7,E8,E9','Rangeela',987690546,'2012-11-01');
/*!40000 ALTER TABLE `patron_details` ENABLE KEYS */;


--
-- Definition of table `personal_details`
--

DROP TABLE IF EXISTS `personal_details`;
CREATE TABLE `personal_details` (
  `USER_ID` int(5) DEFAULT NULL,
  `D_O_B` date NOT NULL,
  `about_me` varchar(100) DEFAULT NULL,
  `Relationship_status` varchar(15) DEFAULT NULL,
  `looking_for` varchar(100) NOT NULL,
  `Phone_number` int(15) DEFAULT NULL,
  `Intrest` varchar(100) DEFAULT NULL,
  `Education` varchar(100) DEFAULT NULL,
  `Hobbies` varchar(100) DEFAULT NULL,
  `Movies` varchar(100) DEFAULT NULL,
  `Music` varchar(100) DEFAULT NULL,
  `Books` varchar(100) DEFAULT NULL,
  `Partner_description` varchar(100) DEFAULT NULL,
  `p_age_range_from` int(4) DEFAULT NULL,
  `p_age_range_to` int(4) DEFAULT NULL,
  `partner_religion` varchar(15) DEFAULT NULL,
  `partner_mothertongue` varchar(10) DEFAULT NULL,
  `partners_cast` varchar(15) DEFAULT NULL,
  `partners_subcast` varchar(10) DEFAULT NULL,
  `partners_country` varchar(10) DEFAULT NULL,
  `partners_edu_field` varchar(20) DEFAULT NULL,
  `partners_diet_type` varchar(20) DEFAULT NULL,
  `partners_marrital_status` varchar(20) DEFAULT NULL,
  `partners_body_type` varchar(20) DEFAULT NULL,
  `partners_prof_area` varchar(20) DEFAULT NULL,
  `partners_working_area` varchar(20) DEFAULT NULL,
  `partners_working_as` varchar(20) DEFAULT NULL,
  `partners_smoking` varchar(20) DEFAULT NULL,
  `partners_drink` varchar(20) DEFAULT NULL,
  `partners_complexion` varchar(20) DEFAULT NULL,
  `partners_specialcases` varchar(20) DEFAULT NULL,
  `user_religion` varchar(15) DEFAULT NULL,
  `complexion` varchar(15) DEFAULT NULL,
  `mothertongue` varchar(15) DEFAULT NULL,
  `education_field` varchar(15) DEFAULT NULL,
  `smoking` varchar(10) DEFAULT NULL,
  `my_diet` varchar(10) DEFAULT NULL,
  `Body_type` varchar(10) DEFAULT NULL,
  `Drink` varchar(10) DEFAULT NULL,
  `p_edu_level` varchar(10) DEFAULT NULL,
  `religion` varchar(15) DEFAULT NULL,
  `my_cast` varchar(12) DEFAULT NULL,
  `my_sub_cast` varchar(12) DEFAULT NULL,
  `my_country` varchar(12) DEFAULT NULL,
  `my_professional_Area` varchar(12) DEFAULT NULL,
  `I_m_Working_as` varchar(12) DEFAULT NULL,
  PRIMARY KEY (`D_O_B`),
  KEY `fk_perdet` (`USER_ID`)
) ENGINE=InnoDB DEFAULT CHARSET=latin1;

--
-- Dumping data for table `personal_details`
--

/*!40000 ALTER TABLE `personal_details` DISABLE KEYS */;
INSERT INTO `personal_details` (`USER_ID`,`D_O_B`,`about_me`,`Relationship_status`,`looking_for`,`Phone_number`,`Intrest`,`Education`,`Hobbies`,`Movies`,`Music`,`Books`,`Partner_description`,`p_age_range_from`,`p_age_range_to`,`partner_religion`,`partner_mothertongue`,`partners_cast`,`partners_subcast`,`partners_country`,`partners_edu_field`,`partners_diet_type`,`partners_marrital_status`,`partners_body_type`,`partners_prof_area`,`partners_working_area`,`partners_working_as`,`partners_smoking`,`partners_drink`,`partners_complexion`,`partners_specialcases`,`user_religion`,`complexion`,`mothertongue`,`education_field`,`smoking`,`my_diet`,`Body_type`,`Drink`,`p_edu_level`,`religion`,`my_cast`,`my_sub_cast`,`my_country`,`my_professional_Area`,`I_m_Working_as`) VALUES 
 (3,'1985-02-14','live and let others live','single','bride',34565777,'movies','BE','sleeping','Life Of Pi','S.P','R.K Narayan','looking for a sweet girl',1,80,'hindu','hindi','Brahmin',NULL,'india','COMMERCE','VEG','single','atheletic','management',NULL,NULL,'NO','NO','wheatish','No','Hindu','wheatish','telagu','COMMERCE','NO','VEG','Thin','NO','B.COM','hindu','cast2',NULL,'INDIA','IT','PROGRAMMER'),
 (5,'1985-04-30','time is money','single','bride',450450403,'coding','BCA,MCA','wrestling','hum sath sath hain','Anu Malik','Denis Ritchie','girl with dimple on chicks',1,80,'jainism','tamil','panjabi',NULL,'no bar','ACTOR','NON-VEG','single','Average','acting',NULL,NULL,'NO','YES','fair','no','jainism','wheatish','hindi','COMPUTER','YES','VEG','Thin','NO','BACHELOR','punjabi','cast4',NULL,'INDIA','IT','PROGRAMMER'),
 (1,'1985-07-01','i am a fun loving boy','single','bride',97909165,'programming','BCA','chess','mohabatein','rehman','chetan bhagat','looking for a homely girl',1,80,'jainism','Hindi','Victim',NULL,'India','COMPUTER','VEG','single','Slim','IT',NULL,NULL,'NO','YES','Fair','NO','jainism','wheatish','Hindi','TECHNICAL','YES','NON-VEG','Weighted','YES','MBA','Hindu','cast1',NULL,'INDIA','IT','PROGRAMMER'),
 (8,'1985-07-07','i am an open mind girl','single','groom',74596859,'cooking','DIPLOMA','cookery shows','1920','rahat fateh ali khan','electronics','average height with pretty smile',1,80,'hindu','hindi','cast3',NULL,'india','ELECTRONICS','NON-VEG','single','Average','Social service',NULL,NULL,'NO','YES','wheatish','NO','Hindu','Fiar','hindi','ART','NO','VEG','Slim','YES','ME','hindu','kannada',NULL,'INDIA','KOLLIWOOD','ACTOR'),
 (6,'1985-09-01','lives in present','single','groom',98987678,'acting','BACHELOR','dance','akele hum akele tum','akon','Arunadhati roy','tall boy with specs',1,80,'Punjabi','hindi','cast4',NULL,'india','COMPUTER','VEG','single','Thin','software',NULL,NULL,'YES','NO','wheatish','no','Hindu','fair','tamil','ACTOR','NO','NON-VEG','Average','YES','BCA,MCA','jainism','Panjabi',NULL,'INDIA','HOLLIWOOD','AMBESSIDOR'),
 (10,'1985-09-02','smart','single','groom',111111,'swimming','MBA','wrestling','paan singh tomar','rafi','sulmaan rushdie','looking for a charming boy',1,80,'Hindu','hindi','cast1',NULL,'India','TECHNICAL','NON-VEG','single','Weighted','IT',NULL,NULL,'NO','YES','wheatish','NO','jainism','fair','Hindi','COMPUTER ','NO','VEG','Thin','NO','BCA','jainism','Victim',NULL,'INDIA','BOLLIWOOD','ACTOR'),
 (2,'1985-09-09','i am a fun loving girl','single','groom',97923434,'swimming','MBA','wrestling','paan singh tomar','rafi','sulmaan rushdie','looking for a charming boy',1,80,'Hindu','hindi','cast1',NULL,'India','TECHNICAL','NON-VEG','single','Weighted','IT',NULL,NULL,'NO','YES','wheatish','NO','jainism','fair','Hindi','COMPUTER ','NO','VEG','Thin','NO','BCA','jainism','Victim',NULL,'INDIA','BOLLIWOOD','ACTOR'),
 (7,'1985-11-06','i am an open heart person','single','bride',88767686,'racing video games','ME','playing pranks','jane tu ya jane na','atif aslam','microprocessor','average height big eyes',1,80,'hindu','hindi','kannada',NULL,'foreigner','ART','VEG','No bar','Slim','teaching',NULL,NULL,'NO','YES','fair','NO','Hindu','wheatish','hindi','ELECTRONICS','YES','NON-VEG','Average','YES','DIPLOMA','hindu','cast3',NULL,'INDIA','IT','PROGRAMMER'),
 (4,'1985-12-21','Have funn','single','groom',645764785,'music','B.COM','singing','life of pi','Mohit chauhan','Ruskin Bond','cool boy with moustache',1,80,'hindu','telagu','cast2',NULL,'india','COMMERCE','VEG','single','Thin','management',NULL,NULL,'NO','NO','fair','no','hindu','fair','hindi','COMMERCE','NO','VEG','atheletic','NO','BE','hindu','Brahmin',NULL,'INDIA','BOLLIWOOD','ACTOR');
/*!40000 ALTER TABLE `personal_details` ENABLE KEYS */;


--
-- Definition of trigger `update_date`
--

DROP TRIGGER /*!50030 IF EXISTS */ `update_date`;

DELIMITER $$

CREATE DEFINER = `root`@`localhost` TRIGGER `update_date` BEFORE INSERT ON `personal_details` FOR EACH ROW BEGIN
UPDATE register
SET start_date =curdate(),Acc_Expiry_Date = adddate(curdate(),interval 1 month)
WHERE user_id = new.user_id;
END $$

DELIMITER ;

--
-- Definition of table `place_info`
--

DROP TABLE IF EXISTS `place_info`;
CREATE TABLE `place_info` (
  `Place_id` varchar(8) NOT NULL DEFAULT '',
  `place_name` varchar(50) NOT NULL,
  `place_description` varchar(100) NOT NULL,
  `Other_deatils` varchar(100) DEFAULT NULL,
  PRIMARY KEY (`Place_id`)
) ENGINE=InnoDB DEFAULT CHARSET=latin1;

--
-- Dumping data for table `place_info`
--

/*!40000 ALTER TABLE `place_info` DISABLE KEYS */;
INSERT INTO `place_info` (`Place_id`,`place_name`,`place_description`,`Other_deatils`) VALUES 
 ('P1','velachery','open space,full of greenry with seating capacity of 1000 people',NULL),
 ('P2','Anna Nagar','open space,full of greenry with seating capacity of 1000 people',NULL),
 ('P3','Adyar','open space,full of greenry with seating capacity of 1000 people',NULL),
 ('P4','royahpettah','open space,full of greenry with seating capacity of 1000 people',NULL);
/*!40000 ALTER TABLE `place_info` ENABLE KEYS */;


--
-- Definition of table `register`
--

DROP TABLE IF EXISTS `register`;
CREATE TABLE `register` (
  `User_id` int(8) NOT NULL DEFAULT '0',
  `User_name` varchar(25) NOT NULL,
  `Password` varchar(20) NOT NULL,
  `First_name` varchar(15) NOT NULL,
  `Middle_name` varchar(15) DEFAULT NULL,
  `Last_name` varchar(15) DEFAULT NULL,
  `Email_id` varchar(50) NOT NULL,
  `Profile_picture` longblob,
  `profile_created_for` varchar(20) DEFAULT NULL,
  `membership_type` varchar(45) DEFAULT NULL,
  `membership_amount` varchar(45) DEFAULT NULL,
  `payment_mode` varchar(45) DEFAULT NULL,
  `start_date` varchar(45) DEFAULT NULL,
  `Acc_expiry_date` date DEFAULT NULL,
  PRIMARY KEY (`User_id`),
  UNIQUE KEY `User_name` (`User_name`),
  UNIQUE KEY `Email_id` (`Email_id`)
) ENGINE=InnoDB DEFAULT CHARSET=latin1;

--
-- Dumping data for table `register`
--

/*!40000 ALTER TABLE `register` DISABLE KEYS */;
INSERT INTO `register` (`User_id`,`User_name`,`Password`,`First_name`,`Middle_name`,`Last_name`,`Email_id`,`Profile_picture`,`profile_created_for`,`membership_type`,`membership_amount`,`payment_mode`,`start_date`,`Acc_expiry_date`) VALUES 
 (1,'manigun','mani362436','manigandan','manohar','Agasthiya','mani422gmail.com',0xFFD8FFE000104A46494600010100000100010000FFDB00840009060612111015121210121515161216191818161915181615191715191C18151B1C182726201C1A261B1618202F2223282A2E2C2D171E3135302A38262B2C2901090A0A0E0C0E1A0F0F1A2C241E25292C2C2C353529342C293435292F3535292C2C352C2C35302D2C342E2932292C322C2C342D2C2C2D2C2C292C292A2C2C2D2AFFC000110800BC010C03012200021101031101FFC4001C0001000203010101000000000000000000000405020306010708FFC400431000020102040304070505070305000000010203001104121321050631142241511532525361919223427181A2071654B1D233627273A1B3C224C1F117254382F0FFC400190101010101010100000000000000000000000102030504FFC4001F1101000300020203010000000000000000000102111251132103143141FFDA000C03010002110311003F00C75A9AD5075A9AD5EDE3E06FC4F1448FD76CB7F81F3B787C4D6C871A1C5D4DC7E047F3AAAE260BC4CAA2E7BA40F88607FED5A71187679F31791502476CAC402C1D8B5C0EBB586FE07E1B63DEB5EB1791E2C30BAB022E45C6FB83623F2208AF21C68750CA6E0F435CE44260E85C4AC074CAE0056323125F719865CB61BEC0ED51A2C34EB1156321BA0CBA640C9DFB952330B937F583036B8197C73CA7A5C8757263D55954B00CD7CA3C5AC2E6C3F0AD6DC5E20C50C8B985EE3F01723F1B6F6EB6AA208F7C31311BA312C4B062A0AB2DAEC6E7D607A9E9D4D6A7C3C9631E99B09A4933DD6C4367200DEF9AEE1771E077A4DADFC8321D33F105550C5AC18A81D772C4051F9922B6EB57230E1E5CA06590287C39CB23063991EEEC37365B5B6BF87415E01880093AA3D51277D7BE73F78C576B20CB71F77A8F117A729E8C75FAD5E6B571D84795C44C04C46A3EC64EE85D536BB67BB10A3C438236F1BD747AD5AACF28D49F4B059093600927C14124FE437AF1A420D88208EA08208FC41DC5759FB358572622513A07C816D6BB440663A877DD49F0B0FECFE5571F058F1731078B61DA67720028334B61B3050E36216F61E02B9F9622D313F90D71F512A7D6AF35AAE30FC98FF6AD88C4450470C9A65C82D9CEDB8DC587797E37245B6AC70BCA6AE2690E36218784A8330427392AA480A1B6B6703A9DFC2AF969DA70954F68F0F3E9F1A6BD779CA7CBCF85C44C8D22BABE19592402C082C6F7049B5B6F1F1AE71F9218C70BE1B151621649047982E500EF76BDDAEA329B8EBF8D663E6ACCCF4B349C536B535AAEB88F2569C533C58B8E67C3ADE58C29565B024DBBC77B03B1EB6EB5213F67CD7589B1B0AE21A3CE21CA4EDFE2CD7EA08BE5F03B1B56BCD4ED3859CE8C47C7FF00DE55EEB57618DE0B2CF81C061D459B3B073D446155F331B75B1DBE248F3AE2789C2B0CCF12CA25086D9C2E5048EB6173B03B5EFE157E3F922FE8B5661B75A9AD5075A9AD5D7184ED6A6B541D6A6B5304ED6A6B541D6A6B5304ED6AF75AA06B535A9827EB579AD5075A9AD4C13B5A9AD5075A9AD4C1035A9AD557E914F789F50A7A453DE27D42B68B4D6A6B555FA453DE27D429E914F789F50A0B4D6A6B555FA453DE27D429E914F789F50A0B4D6A6B555FA453DE27D429E914F789F50A0B4D6A1941EB557E914F789F50A7A453DE27D42982D04B4D6AABF48A7BC4FA853D229EF13EA14C1DD725730C1865C5899CAEAC0AA96576BB0D4B8EE836F597736EB57BCB3CE581830B86432E93C76D551033990DB76CEA08173DEB8DFC2D5F28F48A7BC4FA853D229EF13EA15C6FF056FB32D56F6AFE3EAB8CE6DC0629313879A69628DF10B2472A231CC004362A549073291BAF43D6B572F734E0B0A93E193173A233878F11A777B9440C0A14DB7536BA5AC7F3AF97FA453DE27D429E914F789F50A9F5EB99B38BE4B6EBEBBC3F9D7091CEE65E213CEAD0E40EF09195B31B80238D4DAD6DC83F8D44C273860B05061B0F86925C42C739777642872B67BD810B73DFD85BA0DCD7CB7D229EF13EA14F48A7BC4FA854FAF43C967D4B1DCD3808E3C6BE1E69659718A464646558C9565EA5576EF93D49A99FBE7C35B1298F69A759960D3D1D3622FDE3EB65B5FBC45F35BA57C87D229EF13EA14F48A7BC4FA853EBD3B93C967D770BFB4B8238F0C331DDDFB42647FB357CC6E0DACD9588F56F717AE078A181667186933C37BC64875214FDC21C03B74BF8800D507A453DE27D429E914F789F50ADD3E1AD27612D79B7EAD35A9AD557E914F789F50A7A453DE27D42BAB2B4D6A6B555FA453DE27D429E914F789F50A0B4D6A6B555FA453DE27D429E914F789F50A0B4D6A6B555FA453DE27D429E914F789F50A0B4D6A6B555FA453DE27D429E914F789F50A0B4D6A6B555FA453DE27D429E914F789F50A0FD494AACE6790AE0B1044CD0910BDA5556768FBA7BE157736EB61E55F3FE0DCC215A248DB5AF8F85188C4C98C82ED859DFEC267B3872635CC8D70B98586F7AF05E83EA74AF9670EFDA2E2E555B4D847674C0139236B42F8BC5B45242E35092C8A078A9BF5157CFCD9885E192E25B48CB0E31A1760A4218E3C7085E52B7396D15D8EF61627A5076B4AF98F10FDA44A2521317828E1D4C6849645CC8C208F0ED12821D412C666DC5EE2D61E356BCC18B9B129C21896875F111B4B177AF7385925D36DD4D8329163E3627A5A83B9A57CBA3FDA3E2DE12C8F86691930E580463D8A49718909C3CC33DD9B2B9F60DE3636B116BBE728E769787C398C8EED289024F360D6529872C4E688B328CC3305B9F2BF8D076D4AF9E6279DE5C3E3A3C1C791951A385A2625A50C708F28224790C92779506731D8DCEE4F487FF00A8B891848E6D7C1C8647C3891E352AB833244EF24726A48133064080B3A905FBC2F60C1F4FA57CA303CE5885C66733618C93270B0D0293209B59A4595B0E43D805073DC06D80B9E86A5FFEA3E242CA54E1E4222959D555AF80298A588768EF1240476723B87EC5EDB1D83E994AF91715E79C489E295192658863D167881ECEF1AAE10F6B2818E758B51C1C84DCA35AD736EAF9EF9C1F070C2619232F2472B2965564934E2CC002D246A0B315B0059882728EA407654AF9EC1CF38A6995BEC4C47190C1A615B3913600622E1F35890E6C065E97AF3F67DCC12E3318F2C93C52B370DC2BB2420AA42ED24E5E22A59BED176524D8EC2E36A0FA1D2BE4CBFB52C5E5660D8691BB134CF12A1CF847ED70C4526BBEFA692B3306C9EA124A8E96FC0B99B133E3B07A989874E58B1A02C663649CC524790828EEBA991892158DB23F81D83E854AF97711C4CEBC4A7943CC238F8AE0A22E3112E5449628018BB313A4CACD258B1DD73960095DEF395B9D9A59E78F13361C08EDEA6508A5A768D173E727313957248A8D9835811D03B5A57C9B19C6258A4C708A7D6C518B88BA88A7C4B3E1844FF661B0F27717BACA0305EA3BA581BD745CA58B2E98F5C3625E58119461E56769EC4E191A40AEE497024276CDB1246DD0076F4AF9470FFDA4CCB0E054626199DE0C134B995733EBE234A4B36A02596CC0E543665EF5AF611785F32CD87911B39CADAC924B21CD1E1D0F179D351D6E0FAA0203D16E09B0141F61A57CBDB99B11096CF324CEBC4388A8CEB6312C5859A48D6C0F4EEADAFF0074FE75321E71C72BAEA3E19D44DC3C30589D4B2E36CA4025CE52AD7606C6FD36EB41F44A5711FB3FE72C463A4904C215B25CC6AC9AB03EA32989D43B37AA06EEA86EADB6E2DDBD0294A50294A50294A502B1118F21D6FD3C7CEBD26DD697F0A0ABE17CB3061E4795048D2481559A592495B2A125546A13600B31DBA9249BD5A641D2C3FF0035ED28214FC1E279A39D97BF12C8AA7C0093267B8E87FB35EBD2D530AFC2BC6900B5C8173617F13E43E3B565418E98F21BD7A547957B4A0C4A0EB61FF8A698B5AC2C7AFC6B2A50639075B0AF428F21BF5F8D78641702E2E412078902D736FCC7CC565418E98F21B7C299074B0DBA7C2B2A5062231E43E55E8403A015ED282AF03CB70433BCEA1DA5752B9A47790AA96CC517393954B58D8790F216B20836D86DD3E15952831283C86F4D31E437ACA941E0517BDB7A2A81B016AF69418E90F21F21E77FE75E692FB23E42B3A5062631E43E5F0B7F2A698F21E1E1E5D2B2A5078140F0EB5ED2940A52940A52940A529411F886012789E19012922156B120D88B6C46E0F911D2B93C361F131C2B3C8EE6597141311224675170F16A246112CC72960AC7636D7958585ADD5F106609DD62A4BA0B8009199D41EB71D0D6AEC32FF152FD30FF004D07271716C72A49A9AE73E18685A162C5971338CEE156C9234070CC55ADBE6B016356F839E7184C5CB2492E7126332070AB9123965116516171902904DEFB1BDAAD7B0CBFC54BF4C3FD358CBC2DD94AB62642AC0820AC36208B107BBE541CA43262279A219F12D0ACB866123C791D6468311AC05D00C96D1EF65B0323006E2CB93F10C70054B62332C768088AE27957152A11310842A98D20DECA32C8EC0ED75EA9787480003132000587761DBF4D7BD865FE2A5FA61FE9A0E5DB13C40452C91995E5CFC49638DD1027D9CB27653EA83D110025ACC1F7BEC449ED78A1C3B1B22492BCA2195A0BC6E2457187195407442E750661DD3BB15F0B0BFEC32FF152FD30FF004D3B0CBFC54BF4C3FD341453E271304E9779E4846263321D30C446F8598150235B95D7109D8120B1E8BB083DA71CF9C893131858B0652D1AEED2632759AE1D0DC88963B8FBA083F1AEAFB0CBFC54BF4C3FD34EC32FF152FD30FF004D071BC4C4E98A566931968A1E20892C716A3F79B06F1290A841DC305EEF7B4EC49DEF2C63B8819A40E5A3CA2EA8B1BB2C89D8C13660A5430C416DCB03DC0B6EF0BF4FD865FE2A5FA61FE9A76197F8A97E987FA6835F055654457966924D18CB19001B9CD73DD555CD7B8207401761E365507B0CBFC54BF4C3FD34EC32FF00152FD30FF4D04EA541EC32FF00152FD30FF4D3B0CBFC54BF4C3FD3413A9507B0CBFC54BF4C3FD358E8C88C84CEEC0BD882B1807BA7D9507C282C294A50294A50294A50294A50294A50294A50294A50294A5046C7FAA3FCC8BFDC5A9351B881B20BFBC8BFDC5ADBDA17DA5F98A0D94AD7DA17DA5F98A7685F697E6283652B5F685F697E629DA17DA5F98A0D94AD7DA17DA5F98A7685F697E6283652B5F685F697E629DA17DA5F98A0D94AD7DA17DA5F98A7685F697E6283652B5F685F697E629DA17DA5F98A0D94AD7DA17DA5F98A7685F697E62836547C5F58FF00CCFF008B56CED0BED2FCC568C4CAA5A3B303F69E047B2D412E94A50294A50294A50294A50294A50294A50294A50294A5078CA08B1171F1AC3B327B0BF2155DCD5C4DF0D81C4E223CB9E2C3C8EB9812B744245C0B1236F3AA8FDE1C4894205D48CCD0AAB88DA2CE5D2632440487EEE9C6D9C6D67B5AE283A8ECC9EC2FC853B327B0BF215CFB73C44159B4A5B4710927F506826AC91926E6CD66865272DF68C9DEEA0E4FCEB1AABC92452A4487160C872104E119849DD525B708C576FBA6F6DAE17DD993D85F90A7664F617E42A9579BA3ECB89C498DF2E191D9C028D982C424EE10729D8E5EBD411F139A7342EB242F0C88EF38885CA11BE1E49C3DD49DB2C4CBE798796F416FD993D85F90A7664F617E42B9D7E784DF2E1E66CB1C2ED94C7B09E79214F5985CE68893F0F956B9F9BA5188445C348408718648EF16A66C3BE1F29562D9482B31205F7CCB7CB6360E9BB327B0BF214ECC9EC2FC8573E39EF0ED21440CF6EA45BA9C389C6C4DF2E42A335AD9980F3B589E37682394C32069191523BA67BB9EEDC83946DDE3B9B007A9DA827F664F617E429D993D85F90AA1C371F926C6431A2148F4B12640D6CFA904B1C797FC37626E3ADD4DC6F7F711CE714458CB1BA461E74D4390A96C3A3BB8B039BD48E4236FB87E170BDECC9EC2FC853B327B0BF2154585E71590A2A41216798460068881785A5CE5835AC0232902E411D08B139C5CDAAD9C0864BABA205BC798B3C850295CD990F7737780EE9045CDC00BAECC9EC2FC853B327B0BF215CFE3B9D56256638798E9C388964034EE8B8665120DDBBC486056DD475B54EE35CC4B860098E470D148EB92D7664C99610091DF7CFDD1FDD3D282CBB327B0BF215EAC0A370AA3F215CC4FCE0C67510C2D245A38862069832E92615C3A33301946BB258DAEC3C00BD4F8F9AA367196390C7A914664EE855796357404139882248D6E01B3480783101774AA5C673069620C591DD8B44AA06400191266BDC91B5A137FCAD7AD70736A35BEC6505B4F28392E59E7685D763FFC6CB763D329045E82FA95CC2F37E40CD221312C0AF9AEA1D99E678D52DB28BB28009206FBD61C479D0F6795A085DA448310FD63289A2000D7CC0302581007500DEC45A83AAA554F15E615C32AB488E54C32BE65B1BB4481B4C0EA5D9731000FB87E17D127362A9EF43205CEF186EE10D2470B48C82C6E0591D7310066423A15242F6955B87E362498C2B1B665860949BAD82CED281F8906137FF10AB2A05294A05294A05294A05294A083C6F0F1C9879229519E39174D954D8B093BA403716F5BADC569C4CA24285B0D39C8F9D7D41660A45F66DF66352F1FEA8FF322FF00716A4D0732FC0F0E4DFB1E2475CD67B070656972B81277D751D8856B819D874620EE3C3612850E0A6642D3B15628413882E65B82FB86D46DBA0BED5D0528285B06870F261DB0F8B78E5464712485D8AB2642A19A42C3BBE47ADCF524D798AC04523666C2E23367460CAC159591590152AE0A9CAECA6DD43107AD5FD2839C8783C0A08183C46E9121BB024AC323C918B97BECF231BF537DEF58E3382C32B976C2E28311282524319B4C23120BA48362214FC32ED6AE96941CFF00A3A20CCCB85C4AE71665470A8DF67A7728AE149C802DC8FBABEC8B49C42ABC4226C2E232AE5CB62A194A1054860F704586F7AB7A505160B05142CAD1E1270CAB2A837537D6916490B5DFBCCCEA18B1B9BDFCCD42C2F0440EEF2E1A790B4B3B004831A89AE1BECCBE4CD9095BDBA337B46FD55282870B8348F4ED87C5B69B6642F2190A9D331F57909B656237F137EBBD691C1A1EF7FD2E28E6B6ED21629964D45D3264EE59F7196D6B28E8001D252839C7E11032321C1E20AB43344D7617649C832DCE7B966201CDD4781152F171A4BA464C24CDA320923BE4EEB85650DEB6FB31EBE75714A0E7709C2208B288F053A8459D5402B60313209251EBF8B283F0E82C2B2C370A816546ECD3A1CC96BB7D9968E3CA8ECA1C86708A143104F757D916E82A3E2FAC7FE67FC5A834CBC1A26944C54E70C8C0DDBAA2C8ABB74E92BFCFE02B18B80C0AD1B08FBD134A63249254CC4993AF9927F0AB0A50553F2C61C8B146B6918F69241DD2F9FEE91DE0DBAB7ACA49B117AC719CAB87993249AAC324884EB4C19924F5D19835CA9B0DBC2DB5AADE94157C67828C46829C9A714E9290412C4C7BA0537197BD6B937B8045B7B8C9B97A032EA9425B33358B3940CC9919C21394314256E07466F68DECA94157C3F96E081B347AB98A4684B4B2B92B167D3525D8EC355F6F1BEF7AB4A52814A52814A52814A52814A5282363FD51FE645FEE2D49AD589833ADAF6DD4DFAEEAC08FE55868C9EF7F48A0914A8FA327BDFD229A327BDFD2282452A3E8C9EF7F48A68C9EF7F48A0914A8FA327BDFD229A327BDFD2282452A3E8C9EF7F48A68C9EF7F48A0914A8FA327BDFD229A327BDFD2282452A3E8C9EF7F48A68C9EF7F48A0914A8FA327BDFD229A327BDFD22824547C5F58FFCCFF8B53464F7BFA4579D998952D25C29BDB281E047FDE824D294A05294A05294A05294A05294A05294A05294A05294A0C6490282CC40001249D8003A927CAB560F1D1CCB9A291245BDAE8C185FCAE3C6B5717C1996078D48B91B5FD524104036FBA6D63F035533F029267692458C663BA06623684AAB136176CCDE5B6553D46C1D152B979B80621849BAE775FED751F31168FEC8A95202F75C5F7B66BD8966ACB1DC2E58F071A44CFACB3FD9937902EA3B06CD902808B1C8D6160AB9546F6170E9A95CA63795A639D62754195C2B9772C53B3E9C70B0B6CA1ECF707AADED766A9C7854CF0E215EC1A5983AAAC86C142C432E62BFDC6BAE52A6F63704D05D8905CAF8800FCEF6FE46B2AE3315C1E78B2C8F95A34D2CD126B38902F6A1972A2B1163342F702D78AD65005BDE59E5CC424785925DA44D02E0BB170A387AC52467C18EB0CC45C8360D7B8141D952B95E31C37136932AAB25A62B677CEC6468CAAE50BB016704826C00201B9B4C3C266ECCF1858C169F308F312891EA29280DBD904E52A56ED96C4505F560B32962A08CCA0123C81BDBF91F9572F84E5AC42E56675CEA30E036766CA1249352DB01BA3A8E82F600DAC2B7607804CB879E30521924C3AC6AEACF211208D94CC490A49CCC1BCCDAE4DCD074B5AB138958D4BBB05516DCFC4D80FC492001E24D7398AE5E99946448E3EEB8502490881D8A5A7416B161958DAC3AF5EFB1AD13F2848D941D360667790333366FFDC639E3EA0DCAC22451E59B28DB7A0EB639030B8E9F98FE75957293F2BCCCCC495376C2DAEEFB2478D79661B0DB344CABFDEB653B0A99C0F80BC0F724652B3861999AF9B105A11BF82C44ADBC3A0D8505FD2B8DC07039DE00C467EF3AA24CD24674A3431E1DDAE0B67DB53BC2E0CA4EC540A938BE038A6578F321073DA4CEEACC5E155DD40EEF7831D8F91F1D83A9A573DCD1C167951530DA6A163902DC95292773499480C00003F419B75B11BDF5B70197BF7546BCC5893238D74339711B8B1002A10A3AFAB97652683A5A572E797672E0DD54585984923346BD9CC6D00B8BBA6739EEC45EF7B5D56BC9397E79436A88C5E3600091D806D14556BE55DC38241F0D8F5E81D3AC80DEC41B1B1B781B0363E46C41FCEB2AA5E0BC39E09A6BC4969A4D432291724450A5985812C5839BEFB0F8DAAAB07C0A574CC4675598AA4721962CD046922C41AF73983B96B91B80A7A8141D7D2B99E1DC07151CB1679448AB32C8EE598335B02202325ADBC833F5B77BCEB1FDDBC4769CFAA347B4039733DF4AFAF7B7B7DA3BB6E9A7F2A0BF8B8944CC155C163E1E3EA07B5BFC2C0FE7526B97E5DE5D9E1D132B2164440E43331246122898DC804F7D1B73E163F0AD32F2A4E4A9D5B0D6C63BAABD8B6B6233C1267756B32460AD8016CE6C6C370EBAB15901240F0363F2BFF235CC4DCBB39475EE82650CCC1C933AEABB6560EACAB6565EA1BD5CBB280691F2CCE132EAF568D58BBB3B184C11C73296017BE592E1AC3A5F6B9A0EA6B4C18B472423AB5829D8DF661753B781154DC17804913CC65919C48D275652ACAF233282B901EEAB04DD9AC0586D55FC179425822857ECD5E28B0B1E6427A448CB211B746BDEDE37DFA5075F4AA6E57E11261A22B233331CB72583024280CC2CABD48B9BDC9EA4DEAE6822716E2230F049332B308D0B10A2EC6DE55131BCC71A314018C975EEB2B2820C91AB1048B1B6B2F4FC3C0DA7E3B04B344F13DF2BA156B120D9858D88E86AB8F2AC064D53A858DFEF6D7678DD8D87525A143BF4DC0B036A0D786E6B8DF280AC58CDA4D901654639EC19BA5EC9723A80CB7EA2EC373861D96337726454CB963998167875828EE837D3BB58806C3702B7C3CB70A1BA665BBAB9B1D8BA96EFDBA66218A93E2A147DD1660F966088461035A26465BB1362987D05BF9FD99F9EF40C2F3461649162499599C0CB6BD8931094283ED6990F6EB6DE9FBCF872C5039CE2DB657EA6568ADD3C1D181B7416276209F785F2E438620C4194054045C10C52358D5C93B96C88ABD7EE8DAB1FDD8C3EAEAE56CFAAF2DF335B33C5A6DB74CB977B74CDDEEBBD0448B9C50E5FB2908D4084AA3B037C28C4665005C8B103703FD403BDF9B30EA5F339B2E6375591AC8B145233B5976016643E22C7CEE06FC372EC3191973ED96C2FB5D61D1BFE3A600FFEA0D6A1CA987B30B3D9E278CF78FAAF1451B7E79604FF005F3A0DBC5B8C181A3FB30CAEE897CE01BBB850156C731DEE6F6160773D2BDC6F1C48E55882B33178D4D95B2A89335AED6CB7EE9DAFE5E62FB71BC25252A599EC32DD4310AD95832E61F0600ED6BF4371B56189E091BC9A84B837524062158A5F2B11E60123E5E42C1A1B9AB0E1598B3808AC4DE3901B2C79CF748B9392E4002E72916B822A5E138AC72BB2216250907BAC16E0D88B916B83E1556DC9B1054452722CB139CC49368477156D6B022CA7ADD73037CC4D5845C151656943499DBCDAF605C315DFEE923A1BD85C2E51411F1DC7CC7308562CCCD24497B9B0D45918B1B036B2C47F12474EB5BA7E628119959CE652C0A85626EA2336B01737D58ED6EA5D40DCD6D9384C6D2894DF30656EBB5D15D46DF848DFE95165E5D4927965937D48E34005C6411B16CE0F8396CBB8F751F9506E5E3F0904E66197A82AC08FB4C96208BDF37FA58F437AF31FC6D23904766662D183B365512310096B6507BAC6C4F80F315ADF9662205DA5BDC96398DE4BB87EF79F780B016006DD36ADF89E0B1BCBA84BDFB9750DDC631925091E62E7F1DAF7B0B047FDEAC3F76C6425CAE5511C8598346EEAC05AF94AC4E41E9DD23AED5EE1F9843CE9088DF2CB1BC914837478D161398F8ADCCF603FB87CC530DCB30A3230CE5A3CB94B31242AC7246897F150B2BDAFBDDAE4935BF0FC1A38F472E61A1118D37FB84202A7CFFB3437F35FC6822CDCDF85452CF29550F3292CAC07D83E599B71EA2B6C5BA7C6B6BF3240A18966B06CB7C8F666CE52CA6D66EF29E9E57E9BD78396E11972E652AF330606E7FEA25D59577BF74BD8FC328B5AD5E9E5D8AC46692D9F3A8CC488DB3162501B8EACDD6FB1B74DA83545CD7872AD267BA05CE0AAC873288525D85B76CB202145C9FC41024E0F8F412BBC71BE664CD7001FB8C51ADE766054DBC6B07E5D84FAC189D68E5B927D7891514EDE1950023A1B9F3ADD81E149096299ACCCCD949B80598B35BC77624EE4DBC2C282B384F3945388D8A491ACB0C1221656B0D65660AC40CAA7BBE7BDC798BEFF00DEA81B0D2E2232D22C499885521882A185835BAA907E7E46B2C272BC1146B1286C88B12A82D7B2C37D35DFA800DB7EA06F5B62E0312E1DB0F7731B214DDBBC172E5B061BEC3C4DCFC4D06BC6731C6859006D40B7CACACA08CC81ACC458DB517A7C7C8DB4E1B9AE37B00ACCDAC226080B2A3167003374BD92E4750196FD45F6372AC064321321621AFDEDBBE50B1B0EA49897AF4DC0B036ACE1E5B8509299D6EEAE6C762EACC73DBA66218A93E2A003EA8B069C3F3740CB19BB92E12D9239581678B5428397AE4BB6E06C37B56EC3733E1649123499599C02BD6CD9A2D50A0FB5A7DFB795307CB70C423081BECD9596EC4EE901845FCFB84FE7BD7BC339721C395D2CCA0222DAF70D92358D5893B96C88A3AEF6141E7EF3E1F3140E4B0DB2E57BFF006CD0F97848A41F202E76DEA08E724CD1811484348AA5955C8EF611A70C800BB0B281B81D7F233BF7660D5D5CAD9F55E5BE66B6678B4DB6E9972EF97A66EF75DE9072DC28C8573F732E519B6BAC2D083F8E9B5BF2068347EF861C6725C95505AE89230C8B0C32B39B2DAC167437171BF9DC093C5B8C180C7DC0CAF2225F38537770AA156C731DEE6F616077F0A8F1728619559407B344D19EF1F55A18623F9E4823DFCC13E353B19C29252B99A40172DD4310AD958300C3F103A5BC47424504DA529410F8BE31A281E4500955F1BE51BDB31B6F94753F006B994E689230BF6B1485F10FB8072BA6AA2FD9DDF600313B67E9D2DBD7654A0E4711CD38808ED68534A5585DA45603502BB3B2066556523472DDC7AEFB92A14DAF15E38530BAD1E527346AC4FAB1E72B9998315B5835ECC57E2455A61B0AB1AE54161727A92496372493B9373E359A46074005C93B0B6E4DC9FC49A0E5D38F62DDA355ECE33BAC64E569002D86697501570196E96CB7FBDEB6DBD7CBCF32B2C602283261AEE9670D1B3605F10183E60CC9750970A05C9EFE652B5DD528288E2E5103B07B118BB5D866010CEAA46FD00527F01E5D6B59E32F23B2822CB22D8AEC6D9DD4AB6E7D90770BD7A57434AD44A63968F8C4C60462C16C8C19581CED6C3E652581EAC466057CEDD41A953F179D731023B2ACC402AD7FB1CA6D7CDF7AFD6DB7C6AFE9579474628BD332B3BAD95407CA3A675BCAA8AD6B9B860C585D40F57D6BD443C4A478EC925B33440D8962A1DE1F116209123A9DFEE1B5B7AE9A48C30218020F506BC8610A2C337E6CCC7E6C49A728E9314FC1F89B1628EEAC3BFBEF990898AA23124DCB03B74F54F5AC138E394562F0AE6233121AD0928CDA6FBFAD7503A8EBD3A5EFA95363A5C500E2F3B1D9634BB65CACAC4A9ECCB2EF622FB92B6B0F03E16ABBC34B9D15AD6CCA0DBCAE2F6AD94A933A414A52A294A52814A52814A52814A52814A52814A52814A52814A5283FFFD9,'self','classic','1000','credit card','2012-12-19',NULL),
 (2,'aishwarya007','aishB','Aishwarya','Rai','rai','aish007@gmail.com',0xFFD8FFE000104A46494600010101007800780000FFFE003C43524541544F523A2067642D6A7065672076312E3020287573696E6720494A47204A50454720763632292C207175616C697479203D2037350A00FFDB0043000201010201010202020202020202030503030303030604040305070607070706070708090B0908080A0807070A0D0A0A0B0C0C0C0C07090E0F0D0C0E0B0C0C0CFFDB004301020202030303060303060C0807080C0C0C0C0C0C0C0C0C0C0C0C0C0C0C0C0C0C0C0C0C0C0C0C0C0C0C0C0C0C0C0C0C0C0C0C0C0C0C0C0C0C0C0C0C0C0C0C0C0CFFC00011080196013803012200021101031101FFC4001F0000010501010101010100000000000000000102030405060708090A0BFFC400B5100002010303020403050504040000017D01020300041105122131410613516107227114328191A1082342B1C11552D1F02433627282090A161718191A25262728292A3435363738393A434445464748494A535455565758595A636465666768696A737475767778797A838485868788898A92939495969798999AA2A3A4A5A6A7A8A9AAB2B3B4B5B6B7B8B9BAC2C3C4C5C6C7C8C9CAD2D3D4D5D6D7D8D9DAE1E2E3E4E5E6E7E8E9EAF1F2F3F4F5F6F7F8F9FAFFC4001F0100030101010101010101010000000000000102030405060708090A0BFFC400B51100020102040403040705040400010277000102031104052131061241510761711322328108144291A1B1C109233352F0156272D10A162434E125F11718191A262728292A35363738393A434445464748494A535455565758595A636465666768696A737475767778797A82838485868788898A92939495969798999AA2A3A4A5A6A7A8A9AAB2B3B4B5B6B7B8B9BAC2C3C4C5C6C7C8C9CAD2D3D4D5D6D7D8D9DAE2E3E4E5E6E7E8E9EAF2F3F4F5F6F7F8F9FAFFDA000C03010002110311003F00E4E1868F23DEAC515F50053F23DE8F23DEAE791EF51F91EF4015FC8F7A3C8F7AB1E47BD49E47BD0053F23DE8F23DEAE791EF51F91EF4015FC8F7AB1E47BD49E47BD4937EEBDE802BF93E4C5E6495C5FC42F89D69E1B8BCBF3EDADA38BF7924F2553F8F1F1CB46F857A0C925F4F14B71FF3CE3AF83FE277C6CD67E276A92DDDDC9E56972C9E65BC727EEBCDAF371389F6674D2A47B67C48FDA727D7AEAF34DF0C492DCC92FEEE4BF93FE597FED38FFEDA578BEB179E1FB397ED7AAEABF6EBCFF96891C924BE57FED3AE1F5DF88F6BA15B08EDCFFAAFF59FFEEEB80D77E233EB171B25496E63FF006E4CFF00ED3AF12AD5A950D7F867A46B9FB4A69DA4CBE5580BF262FE31E5D6559FED1F77ABDD471CF6F2DCC63FE7BFEF6BCEE1B4B5BC1BFEC32F99FF004CE4ABA3C2D7D77183009228C7FCF48FCBFF00D1742A74C154A87B1D9FC78BBB3FF8F0BE12FF00D3A497124B2C55B1A77ED73717498927B9B9F27FD647B33FF90E4AF9EE6F87BACE9BFBC4825FFB6752457925E4A2493FD1B508BFE5A7FCF5ACFD9D335556A1F5C7843F683F0FF89258E3BB83FB36E25FF9691C7FBAAEF21860D4A28E4B4BB96DBFE79FFCB5B596BE1FD37529E1D43FE795C57A0783FE246A5A0FFA892536F2FF00CB3FF9E5FF004CEB2AB4CD291EF9E36F3E6F32D2EE3F2BFE79CFFF002CABE7FF0089DE039E1BF9248E3FF969FF003CEBD9347F891FDB1A5F9777E6CB1CBFF2CE4FDECB55FF00B063F156A96F0791FBBFF96724159FB4074B9CF96F52867D365DFE5F1FF2D3FE9955CF0DF8AAEECEEA3FDE495EE9FB45FECDF2780FC396FA94F07FC7D49E64727FCF58EBC2FC9FEC793CC8E33E5FFD73AE9A5579E999D4A5C87B27813E244979E5DA473C5FF4D3CC93FD6D7AA68F79259C51CF6B24B6D245FF002CE3AF9AFC2BE3C821F2E393CD8B35ED1F0F7C5505E5AC71FF00ADACAA8D1F507C19F8D9E7451C17D98A497F75FBCAFA33419A0D62C239D24FDDCB5F0DE9BE46BBE5C91C9E55C451FEEFF79E557BC7ECF7F16A7B3BFB7D2AFBF7BE6FEEFCCAF4B018EFF97750C6AD23DF2CBF732F90F572187F7555E1F2F528A392393F79572D26F3A2C57D223843C8F7A3C8F7AB1E47BD1E47BD0053F23DEA4F23DEAC794FE94791EF4014FC8F7A3C8F7AB9E47BD1E47BD0053F23DE8F23DEAE794FE94794FE94014FC8F7A2AE794FE9450079FC30D494430D490C34011F91EF51F91EF573EC7EDFAD1E47BD0057F27CDFC28AB951F91EF4015FC8F7A8FC8F7AD0F23DE8F27FE99D0053F23DEB93F8CDF13B4DF83FE08BCD67529228A3B58FF77FF4D64AB9F183E27695F07FC1B79AAEA5245E5C51F991C7FF003D6BF3DFE277C66D73F689F147F6C6B927D9BC3D17EF2CED3FE5957163715ECCD695229FC66F8CDAAFC60BAB8D575292E6DB4B8A4FF474FF009EBFF4D24AF2BD4B5D9268A3FF00C87047563C6DAF49E2AD5248E3F362D3E2FDE471FF00CF592B93F125E49E6C9047E6FF00D34AF9F4FDA54FDE1B997AF6A526A575FBB933FF003D3FE79567CC20B4231279BFF5CEA3BBBB31C724624249A8044F2CA38C196B530A950B9FDB92801237318AD7D2357BECF171758FF624F32B47E1F7C09D6BC786236F6B2C91CBE9C57D27F06BFE09B5AAF8965B79278EE62FFB695C389C753A676E1B0B5EA1E17A0EBDAAC5D3CAB98FFE9A475B9FF0ADE3F150F3E4D2BECD27FCF4B4AFD04F86FF00F04B5B4822CCF692CB27FCF4924AF64F04FF00C1366D2CBCB8E4B4B6F2EBCDA99B533D7A5951F94FA3FC01BED4BCB93C8965FF006FCBAF44F0DFECEB3C3298E7B4F363FF009695FAC1E1BFF827EE870DAF97258C5FF7EEBBCF0DFEC2BA1C31797F618AB3FAEF39A7D4B90FCA7D07F65DBB86EA38E3FDD472C7E647E67FCF4AE834DF833AAF856FE38E383F79E67FA3C9247FBAFF00AE75FAB9A3FEC37A1D9C5E5FD92A9EA5FB0DE9B0799F6483CA8FFB9FF2CAB2FACD435FAB1F9EFF001CBE18DA7C54F843A5C7258CBF68B0B7F2EE23FF009E527FCB4AF82FE33FC3793C1F7F279707FA3FFD73AFDD0F885FB2BFF66E832247FBD93CBF2FFD5FFAD8EBF3CFF6BAFD976EF47D52F2492097ECFF00FB4EB5C362790CB1385E7A67E7DD9FD8669BCB9E0EBFF2D2392BD13C1335DE8F347F659E5B9B796B93F8A9F0DE7F0ACB2490472F97587E09F88577A0DD47FBFF00DDC5FF002CE4AF693F6878B6E43EA8F87BE3049A5FFA788BF7724727FCB2AF50F0DEA53FDAA3BED367FF004CB0FF0059049FBA97FED9D7877C37F1569BF10AC238EE248AC6F22FF8F79E3FFDA95DCF86F58BBF0DEA9F64BBFDD5E5AC9FEB23FF00552FFD348EB9EFECCD4FB63E0CFC4E83C61A347249FBA93FD5C91FFCF292BD03FE3CEEA393FE59CB5F21FC37F1E5DE8DAA473C1FBA925FF8F88E4FF552D7D39E0FF1541E24D2E38E4FF595F5396E379E99C15691D643FBDF6A28D3669268BF79D2AC793E6FE15E89CC57A2AC430D47E47BD004752791EF524367E9527D8FDBF5A00A7E47BD1E47BD5CF29FD2A3A00AF4558A2803CFE1FF00535251E47BD490C34011F91EF52791EF52514011F91EF4791EF563C8F7A3C8F7A008EA9EBDAF5A785B46B8BEBE9E2B6B7B58FCC92492B42687F73FEB2BE0FF00DBF3F6A193C61AF5C784746BBF374FB0FDDDE491C9FBA964ACF1357D9D3F686B4A91C5FED21F1CAFBF69CF8A171A6DA49E5786EC24FDE49FF3D6BCEFE246BD69A3E8BE44107FA3CB27976F07995A1E0F9AD3C07E0DB8927CF992C7F6993FF69FFED3AF33FED293C7BE23B78E493CA92EA4F324FF00A651FF00FBBF2EBE5AAD5F693F686E167E669BA7CBA95DFF00C7E4B1FF00A3F99FF2CA3FF9E95C16B1AF7EFBF775DEFC60BCF27ECF0727CDFF00C851D797FF00AE9BEB45364D50877CD271D6BD43E09FC2593C55ACDB8783FD6D61FC3EF04C9AC6A91FEEFCAAFB23F66FF83FF6296393CBAE2C763B9299E8E0703ED0F64FD947F67B834DB5B793EC914BFF006CEBEDCF863F0F6D2CE28E4F2228BCAAF23F833A0C7A3D8DBD7BE780E6ED5F2756ABA950FADA547D9D33D1341F0DDA4DE5FEEE2AEC34DD1E387FE59F5AE6FC3779E4CBE5D761A6DE7EEB1548E6AACB967A6C7D6B734DD363F37CCF5ACFB3F2FF0077EB5A967FB9E9DEBAD181B167671CD1549FD9A9FF003CEA3B39BF75DAAE57485CE6FC49E1BFB6758E2AF99FF6AEFD9D63F1BE9779FBBFF967FF003CEBEB89A18E6AE4FC6DA6C7796120AC6A8A9543F02FF6C6FD9A67F07DF5C473C1E55BCBFF002D2BE17F186832683ACC91D7F401FB6C7C07B4F1B68D791F91FBCAFC5BFDA8BE18CFE03F16DE417507EEBCCFF9E75DD96E27FE5D9C399607FE5E533CCFC09E35B8D03508E48272231257D81E03F185A7C6CF0BDBC1E65B45AC5AFF00AB7F33CAFB547FF3CE4FFDA7257C357967E4CBE6475DEFC1FF008A93F86F5488FF00CF2FFC8B5EBE2691E252A9FF003F0FB43C2DE7CDA5F97E5DF45716BFDFFF005B5EF9F007C63F6C923B49E4F364F2FF0077257CFF00E0FF0015FF00C26DE1CB3D72D3FE3E228E3FB447FF003F51FF00CF4FF3FF003CEBA8D075D9FC37AF473DA4914B672C7F698FFE9956785C4F2543A6AD23ECCD0752F27F7127EEABA48A0EBE6579FF008275283C61A3472799FBC96DFCC8E48EBB8F0DDE7EEBCB93FD657D8D2AA79058F27F79BF34793E6FE15728AD00AF52791EF52791EF51F91EF400791EF51F91EF56289FB50053F27F7B4549450079FD49E47BD49E47BD49E47BD0047E47BD49E47BD49450047E47BD1E53FA5495CFFC42F88363F0DFC2579ACEA5279567611F9924945C0F1BFF0082817ED39FF0A1FE1A476163279BAE6BDFE8D6F1C7FF002CABF3CF41D1DEF2592792496E4F99E64927FCF593FCF99573E367C7ED57E3F7C55D63C477724B24717EEF4F8FFE7956A69B671E8F61676920FDE451C7249FF4D64AF9CC76279EA1D34A9987F1235C27C346D77995EFEE3CCD9FF4CE3FFF0079FF00912B3FE1BF86D2F2FF00509FCC8BF751F97FFC73FCFF00D34ACFF184D1C1E28B8F2FFD65AC7E5C7FF5D3FE59D771E1BD37FE115F85FA84F24FFF001EB6FE649FF6D2B98B3C83E2CF885359F185C244731C5B238DFF000AA5E0FF0007C9AC5D47E5D63CF21D5B549273FF002D64AF7CF803E1549A28E4F2FF007958E26AFB3A65E1A97B6A87A07C07F83FF6431C9257D51F0AFC371D9F9623ED5E77E03D07EC7E5FB57B678261FF005788EBE4F1357DA1F6185A5ECCF60F86F0FF00A2C7CF35EC9E0FF33CA8FAD793FC3DD324FDD8AF58D06CFC9E9E6E6B94ED3D13C3779FBDFF00595DA69B37EEB9AF3CD07FD71AEEF41FF526B5A471553A0B39A4E9DAB62CE63E6F7AC7B387B56A430FEF6BBCC0DCB3ED5A10FEE62CF359FA6FFAAF33AD6C59C3F8475A18D56579BCCF2AB9FF001243FE8B27EEF9AEB26B333C5581AF69BFBAFDDC82B1AA247817C66F0DFF00695AC91D7E5DFF00C1457F66F8F5896E2EE08FFE59FF00CF3AFD6CF891A3FF00A2C95F1FFED5DE038F57B0B8DF07FCB3AE3F6BECEA1EB7B2E7A7ECCFC1FF001868F77E15D52E20923C7EF2B1ECEF64B3B9F3A3FF0059157D31FB607C1E8F4DD66E278E3FDE57CBF2836B280339AFB0C2D5F694CF8AC7529D0A87D33FB2CFC703A2B4768419243267F79FF9123AFA0F58BC8E08B169FBD8FF00E3E6DFCBFF009E7FF2D23AF80FC15AEC9A2EA11BA4988E5AFB53E09F89078ABC076F7718F36E34B93CB93F79FE7FCC759D5A46B4EA73D33EA0FD9D7E2479315BC13FFCB2F33CBAFA13479BC9BAF33FE59CB1F991D7C37E02F1547E1BF16DBFEF3CAB797FE59D7D69E03D63FB63C396EF049E6C917EF2DFCCAF732DC4F3D3B1C35691E990FEFA2F323FDD462A4A8F479A3BC8A39248E5FDEC7E679725684D0D7B499CC53A2A4F23DE8F23DE8023A8FE7AB1E47BD1E47BD00474549E47BD1401C1F91EF563EC7EDFAD49E47BD49E4FEF6802BCD0D47E7197F771D58F2BFE59D1E4F9317994015E6F2E1FF59E6D7E7B7FC152BF6A29352D53FE107D2AEFF7717FC843CB93FD6C9FF3CEBEE1F8D9E3CB1F857F0E758D72FA4F2A3B0B79248FF795F8F7E24D627F885F11B50D56EFF7B25D49E6495E766557D9C0D69963C2BA6C7672E9F1C99F2FFD649FF4D6BA0B3D4A4D4BC516F1FF00CF5FDE7FED4FFDA75CFF00F6979117991FFCB28E4AD0F04F9979AA493FFCF2B7AF0EA6C74D231F4DD23FB63E20C7049FF2D6F24FDDFF00D34AEF3E38E9B269BFB3A0BA8FFE629711F99FF4CBFE5A5737F0F6CE4D4BE2ADBFFD3A7FE8C93CB8EBD13F6CB31E99F09B47D2A38CC5E6DE47E5C6F1FF00CB38E2A84C5FF2ECF98FC2BA6F9F2E7D6BE98FD9BECE78628E38E3AF17F01F86E4D66FE38FFD5495F607C07F04C7A6D85BF9F1D7066550F5F2CA47A6782741926963AF68F01E83FB98FCC8EB0FE1EF86E08A28E4FDD57A868167059C5E649E5795FF003D2BE6AC7D226771F0DF478FF77E6475EC1A6F86FF00D123923CD795F827C49A6D9F95FBF8A5AF4CD1FE215A4D6B1F972474582E6E5A69B1C32FFABAED3C37E5D7070F8920E91CFF00BCAD8D1FC611FF00CB49EAA919D43D434C87CEFC2B521B38FDEB8FF0DF8AA39A2AD99BC491C3D79AEC554E33A3D33CBFC6BA9D36CFF75FBBAE0B4DD7A3F2E393CCC9AEB341F12475D3499CB5691B179671F95FEAEB0F58D07CF8A4FDDF5ADCFED383CDFF005917EF6A3BCBC82F22F2E493F7B4EAFB3152A878FF008DB41F3A293CB8F15F33FC78F0DFDB22B88EBEC4F11E9B07EF3F795E17F19BC2B04DE60F2FF775E462691E9E1AA1F927FB667C37F3BED9E64117FCB4AFCECF88DA09D1F5B93E4C66BF60FF006BAF87B24D6B71E5C1FBBF2E4AFCB7FDA27C2BFD9BAD5C7EEEBD7CA2AFFCBB3CDCEB0DFBBB9E476933C328C66BE98FD89FE214F0F8A3FB37CCFDDDFC7E5D7CC6008E63CE315DC7C19F1B7FC21FF1074BBB8FF7517DA23F32BE82B53BC0F9AC354B4CFBA3C49A0CF0F97249E5797FF2CDFCCFF9695EE9FB28FC418FC49A35C58F99FE911797247FF4D6BC5E1D4BFE124F06C924724B2C96BFEB3FEB9D47F0AFC6177E02F8971C91C917D9EEA4F33CCFF965E5C9FEB3FF002256581ABECEA1DD54FBF3C37A9490D859C927FAB8BF77E65761E4F9D1472475E6FF00097588FC55A309E093CDB7963FDE7FD74AEF3479A7B38A38FCB97F755F534DE879049F63F6FD68F23DEB43FD745E6547E4FF00D33AE8033E6868F23DEB42686A3FB1FB7EB4014FC8F7A2AC4D0D1401C3F91EF52791EF5621868F23DE8029F93E57E351FF00ADAB9343587E30D4AD3C1FE17BCD56EE4F2A3B58FCCFF5943607C57FF0568F8CD208B4FF000558CFFBBF33ED179E5D7C47673793A0DC4FE67EF3CCAEB3E397C489FE307C5AF12788279E597F792797E6570FA94D1C3616F1FF00CB39BF795F3989ABED2A1D5482F26FF89549E5C9D6BA8F87B79F63B5D52793FD5C567E67FDFB8E4AE3E6FDEE83E67FD34AE8347BC8E1F0E5E471FF00ACBA8E48FF00F21C95CD50D291A1F07EF27FF84B649FCCFDE45791F99FF7F23AF44FDB92193EDFE1F83CCF36311C92579DFC19FF0090CDBCF279BE5CBE5CB27F9FFB675EA9FB5D69B26B1A5E873C79FDD59D6357E346C8F2FF0084BE5C37E64FFA695F4869BF136C7C07A0C73DD49E549E5FEEEBE5BD07588FC391093FE5E3FE59C75B9A3C37DE35BF8EFAEE797FEBA799FBAAE2AB4B9CF429627929FB3A67D190FEDBD269B17FA258DCCB1C5FEAE48EB9FF00127FC1423C4FAC7EE2D23FB35BC5FF004D2BCFA6F0DDA7D94C71C959137C3D83CCF3249E5A2951A0152AE20F4C87F6E4F1559DD79F06AB73E67FCF3F33CDFF00C875E91E09FF00828D6B30F9504F77FF004D2393FE79495F37CDE09B19BFE5BCB1491556B3F87BE4CA7C892B4AB4A819D278881FA1BF0AFF006FC9352F11DBC77D3F956F2F97FF006CABE80F86FF00B420F125AC73C73FFADFF9675F937A3CD7DA3C519F325FDD57D31FB3DFC60921F2E39248BCBAF2713863D6C2E24FD2CF87BF1223D4A53FBCAEF3FE124F3ABE4CF83FE3CF3A593CBAF6FD1F5E92F22EF2D7987A5EC8F54FF84DBC9B5CBC95C7FC42FDA720F87B6124924E62FF009E75C9F8C3C493E8F61249E5F955F1DFED39F13AFB52D66482493CDFDDFEEE3ADA97BE73555C87D19E2AFF0082B441E15B690491FEEE28FCCF33FE7AD797DE7FC173BEC72F99F658BCCFF59E5C771FEAA3FF00E395F03FC48D4752D62FE4CCF2F967FD5C71D79BFF00C2BDD4B52964F33F751CBFF2CEBD6A586A7FF2F0F26AE22A7FCBB3F4F2CFFE0B5F3F893CB9279238A3964F2E48E39249658AB734DFF829658F892EA44BEF37CB97FD5FFCF5FF00BF75F977A3FC07BEBC947997DE557A8783FF00675D72F34FF223D46DA5FF00A67E5D3AB4A8052AB5CFB53E217C54D0FE3068D71FD9B771799E5FFAB93FD6D7E6FF00ED8DE094B3D52E3CB8EBDA358F0AF88FE1BC51C9249E6F951F99E67FADF2ABC6FE337C5A8FC7B6BF64D5638A2BCFF571CF1FFAA96B2C361B92A7B4A67455C4F3D3F6750F92F52B430DF483B0A6E9F77259DD663187AD2F1AD97D8F559067AD63D7D1A3E4EA2F675343EF0F81BF10BCEB58E7E7F7BFF2CE493FE59D751E36D364D07C471A1F2BFE7A47247FF2D7FCC75F3DFC25D7A4FF008472CE7FF5BFE8F1FEEFFED9F9727FE8BAF74F11F8AA4D7BE1CE8F77E61FB469727D9A493CCFF5BFF2D2392BCEA8CF597BF4CFA93F639F88FF00DA575F6412797F6A8FFF0022475F5469BE5DE45FBFFF0096D5F9D7FB31F8DBFE115F8816F247FBAB7964FDE47FF3CABF423C1FAF47A9785EDEEF3FF2CEBE932DABED299E6E2691A9670FFACFFAE952793FF4CEAC423FD163FF00A6B52791EF5EB1CC53A2AC547E47BD0057F23DE8A928A00E2E184CB44DFBAF7AB1E47BD57BCF325FDDC67F794014E69BF7BE5C7FBD92BE53FF0082A5FC6693C07F0964D1A09FCAB8D53F77257D51AC5E47E1AD2EE24923C451475F92FF00F050EF8BF27C54F8DD25BC73CB2D9697FBB8EB8F1B539299AD33C4FCEFB1E8DFF5D7CC924AA7E249BFD2A38E3CF9717FABA93C4B37936B1C07FE79D53D4A63F6A8FD6BC3B9B972F3F73A3491FF00CF2923AD0FB67D92D6DE38FCAFF5971FFA2E3ACF9BF7DA5DC7FADFDEDBC951C1766696DE4FF9E5FBCACAA01D87C2597C9BFB793F75FBAFFDA76D27FF001CAF5CF8E5349378223C795E5C51C7147FF5D23FF3FF00912BC6FE0FCDFBAFF9EB279927FE44F2EBDB3C49FF0015E7C3A8E38C4B2DC5D69F6F247FF5D3FF00DE573D436A47CD7790C977AA7EF381FF002D2BB4D1FC471D9D8471C75C5EA5E64375E6553FED293FD5C725695291AD3A9C87A27FC26124D2F971FF00ACAEB3C37E0FD675E963F2E38BFEDA495E4FE09D364D67548FCC925F2EBEA0F827E15F0743756F1EA53E896D27FD37FDEFFE8CAE6AAB90EDC33F69B98F0FC18F104369E7C9612F943FE5A47FEABFEFE565CDA0DDE8F2FEF23962AFD04F857FB37FC35F1B784BCC8E4F0DFDB258FF00E5D2E3ECD2FEF3FE9A47E5C95E57FB427EC9775E0F8AF27D1AEFFB6F4BB5FF0059049279B756BFF6D3FE5E3FF21C9FF4D24AE5B1DAA9D33E4F866F2BF7725771F0C7528ECEFE3F2E4E62FDED717AC7976775E5FEEBF7BFBC8E48FF00E5AD47A0EB1F63D5221D28A94C84B92A1FA01FB37DE7F69797E5C92CBE6D7DC1F097E1B49A96971FEEF1FBBAF8AFF603D1E3D7A2B69248EBF573E0CF83E08BC25FBB8FFE59D792E973D43D1C455E4A67CAFF001FBC1FFF0008DE97247FBDAF84FE3369BE76B371249FF2D6BF473F6C6BC8F4DB0B8AFCCFF8FDE3082CEFE48E33FBCA297F1077FDD9E2FE2AB38ECE6FF575C9CDF6BD4AEBCBB4825B993FE79C71D749770CF797FBE483CD92593F771FFCF5FF00B675EB9F01FE09EB3E30D662F2FCAB18FF00E79F97E6CBFF007EFF00D5FF00E8CAF4FE03274B9CF138747F13E9B179E7C3FABC51FF00D79C95168FF1B2EFC3775E5CFE6DB49FF4D23AFD21F0AFECC7E4E83E67F6945732797FF2F7A1E9D2C5FF0090E38E4FFC895F23FED8DF0360D36EA49E4B4D12E63FF96777A4C7F66FFC87FF00EF2B2F69ED05ECD1CDC3F19A0F1868D25A5DF9573E6D7CDFFB42780E0B3964BBB4FF0057FF00A2AABFF6C4FE0FD64402497CBFF967563C49E24FED2D2E412731CB1D694A9B85438B12B9E07CDFE2E324B7797E641FBBAC007E7AEABC790F937FF5AE63FE5AD7B74CF9BC4AD6E7B67C0FF11FFC53D671B88CC7691C71C9FF006D2E7CBFFDA91D7B47C3DD4A3D4AD750D37CCF37FE79D7CE1F08648E5B5BC8067CF6E47FE4393FF46471D7A7F857C55259EA91DDC727FF006DAE7AC7561AA7EECF58F857E24FB1EBD258CF3CB149FEAFCCFF009E55FA41FB31F8DBFE124F01DBC1249FBCB5FDDC95F957E2AD4A7D375EB3D660938FF59257DC1FB10FC429FF00E127B7FDFCB2E9FAA5BC72797FF4D2BBB2DABC95055291F6A4D37FABA27ED55F4DBCF3A5F32AE4DE5CD2C95F4E99E695E8A28A002687CDA28A28038FF3BC987CCA5B3B3F262FDE7FAC96A4861FB64BD7F77153E6FDCC58E6803C5FF6CDF89D07C31F841A85DC927943CBFDDD7E3DF8C3523AF78B6F2FA4E92C9E657DE9FF00056EF8B5043A0D9787E393CD93FD6495F9E7E779D2491C9FF3CFF795E263AAFBFECCEAA453D63F7D75DBF7B6F44BFF001FD1553BCBCFB65FEFFF00A77A9213E75D63BF975C451B134D98ADE3FF009EB1F9758F34DFEAE38FFE597FF1BAB934DFF1EF59FACC3E4EB3247FF3D63F32B2A60769F096F23D3754B7F333FBDFFE395ED1E1BD624B3D074F824F2A2F2A4B8B293FEBA7EEE48FFF006A5783F80E6FF89CD9C78E3FFB657B67D8E3D4B4B92D2393CAB897FD263923FF0096BE5D7355AA75D23CCFE2D7857FB1F5EB89208FFE25F7F27996FF00F4CAB93B3F0ADDCC7CCF225F2FFE7A57D09FF08AFF00C279A0DC58DDC7FE996B27996FFF005CEBC9FE27783E4D07CC8FFD57FD73A29550AB48E7E6F234E8A38C4F8B8FF9E11FFCB5FF00B6954F58F14DDC37F2410411DB7951F9927EF3CDAE7E1D1A7FB566393F795B9FD8377AC4B6F279914571FEAFF79FF2D6BAAC72A61E10F1E6BFFDABFB8BE962FDDFFD73AF50F01FC66F1FC315C6A563ACDF4B6FA349E5FEF24F362AC3F0DFC19BED4A2F324BED134D8E5FF96F249E6D7BA7827C13A6E9BF0E7FE11FD2BED3736F75FBCB8BBFB3F9B2CB27FCB4FDE7FABFFD195CB52AD33AB0D4AA1C1C3F1FB4DF891AAF91E20822D2350BF93F793C7FF1EBE67FCF4FFA675D068FE03BBB3F1BDB5A4F993CDFDE47247FF2D6BA0D37F609D3752B513C9FDAF7327FD34AF50F087C19FF00845658E79C1CDAFF00ABAE2C4D5A7FF2ECF4A952A9FF002F0FB33FE09BFE0F92CF47B7AFD50F86F67F63F0E76FF575F9C9FB04DA7D8ED6DE3AFD27F07FFC8063FF0055FBD8EBC8C33FDE1E9E33F868F97FF6CCF0DC9AC68D71E5C7FBCFDE57E63FC72F8552786FC27A878C7599EDAC747B593F77E7C9E579B5FAE1F196CE3D62EE483FD6F9BE657E7DFEDC9FB31C1F183C1B2693ACC77D2D9DAFEF2CFC8FF96525461BF885CFF867E65F8DBF6909F58BFB8FF8462D258BCAFF00597F3C7E557070FEDA5E35D07CBBEB4D4AE62922FF0057257A27893F65DD4BE1BEBD716963AB5B5F59CBE6471C73C7E54B5E47A8FC01F1559C57107F61CBA959CBFEAE4B0FF49FFC871FEF2BE8A97B3678188AB883D1BC39FF000553F8CB6533C43C59717F613491C97169749FB993CBFF00563F77FBCF2FFE99D755FF000F07F107C48D2CC9E208EDAFAF2EA3F2A49E7FDDFEEFFE99C75F3BFF00C2A5D66D22F223D1B57B68EEBF7725DCF672471451D5CF1E69B69A6C56763A6C7E6FD97F77E649FEB65AE954E99C54B1354EE3C61E24B4F14DAF9F049F69FF009E92797E5561CD349F60319C08EA3F04F86F59BCB5FB5C71F9B1CBFEB238E3AD8D63C373FD824AC2E76D3AB52678FF008D819AEAB93FF96B5DA78DACBC9BA93CCAE2E5FF005C6BB299E4E24EB7E0A5DA45F102D21933E5DD7EE8D7750EA5E45B472797E549FEB367FCF2FF003FBCAF2DF0F349A75D99D7226D998ABD0EF3528F58BF924CFF00A44BE64927FD35FF00A69FFA2FFEFDD150D30DF01DE43AC4FA96831CE9279BF65FF967FF004CEBEA0FD95FC6034DD1B4FBBB19FF007517EF23F33FE79FFCF392BE57F861FF00132F0BEA1FBCF37CAF2E4F2EBD93F66FD624D1EE7EC9279BE5FF00ACF2EB9E954F6750EA3F553E1978F20F157822CEFA0F37CBBA8FF795D659DE47F65FDE7EEA41FF003D23F2ABE7FF00D95FC6104D75268D249E5472C7E65BD7D09A6CD279327EF3CD8FCCAFADC355F694CF32AD229CDFEBA8AB13431FFAC8F9C5470C35D064474558F23DE8A00E3E187EC72F15CFFC48F157FC237E1CBC923FF591475D24DFBDF6AF17FDA43C551E8FA0DE49249FE87611C9249FF4D64A1B03F34FF6F6F891278C3E28483CCFDE45FEB2BE7B86F24865B8924AEC3E366BD27893C79AA5DCF263FD22BCEFCEFF004A8FBF9B5F3956AF3D43A0B7670E6D7CCE83CBA587F73E671D7F77563FD55AC71F6AA737EE62CE7FE5A5646858F3FCE963355F529BFE269FF6CEA4861AA779379DAA7FD72A00EA3C2B3791AA5BCFE5D7BA782752FF0045B79E4F2BF751FF00ACFF003FF6D2BC2FC1337EF63AF58F07DE4705847E6115C354EFC31EC9AC786E3B38ADF59B1FF965FEB23F33FE7A573FE30F87D1F8DAD7CF823FDDCB1D741F00752FF84DBC3971A54F279B710C9F66F324FF00C875E91F04FC2B04DE28FECA9FCA97FE5A47E67FCF3FFF00795E4FB5F667AF4A97B481F2DC3FB286A57975E6476B2D741A17ECA5ACDE5D47E5D8DF799FF5D2BF4A3C37F07F4D86D638FC8AEB34DF84B63672C7247691799FF5CEB35995434596533E0FF863FB10EA5E67993C115B79BFEB3CFF00DED7D09F0F7F662B1D37CB92FBCDB9B88BFE7A495EF9FF00087C70FF00AB8EA49B47FB1C35CB5313CE74D2C29C1EA7E0FB4B3B0F2FC888C75E67E3BD36086FFCB8FAD7B478AA68E18A4E2BC3FC49A97F6978CA3828A55475296A7D49FB19C1E4C56E2BF443C0779FF14B9FDDFF00CB3AF833F645B3B4B3B0B7F324AFBEFC076706A5A0DBA47245FEAE8C37F10319B1E3FE3C864FED9F324FF9E9587AF780EC7C496BE5DC4114A658EBD03E397857FB044727995C9E8379E7CB1566FF00775017F08F8EFF0069CFF827BF87FC6D2DE48969E5492FFCF3FF0096B5F0FF00C60FD827C41E1BBA912C64962907EEE3F3FF007B17FDFCAFDC0D4BC2D6FAC5AFEF23AF3FF157C13B5D4B120808AE9A55790E5F65CE7E1BDE7EC97E2E9A28AD2FA0B9B98FFE99DE7EEBFF0022561CDFB1CDF7DABCB92D3CAAFDA0D63F669D36F251FE8915739AFF00ECAFA6F9BE67911574FD7AA19AC2D33F35BE167ECAF26916BFBC825ACFF8A9F04E3B3B590083CAAFD18D7BE0CDA68F6BFBB82BE7FF00DA2BC071D9D85C491C66B8BEB2CEDFAAD3F667E51FC72F0AC7A3EA927EF228ABC8EF0C10DCFEEFCD947FB75F487ED75A3C767A9C99E6BE69B919B9933D335F4981A97A67C96654B92A17AC2612C72BB9CC82BACB5BB4179A7BC00849238EB93B3FF8F194F5F2AB7342BCFF00895D9FFD3292BA2A6C6544F58F81BFBED7AE2D23FDE47751D7B67827479341F16C727FCB397FD67FD32F2EBC5FF66F9BFE2ACB792393FE3EA4F2EBE88D4E68F41F14797E5F951CB27FCB4FFAE7FBCAE2A8759F467C18D664B396DEEED33F68B08FCC8FFE9AD7D79F0F7C6106BDA35BDDFEEBCB963F33F775F0FF00C13D7BFE2736F1F99FBB97FD5FFD3292BE88F857E2B93C1FACC96207FA1DD49FF7EABE832DC47EECE5C4D23DE21F2E6C8121A8E6B3F5AB1670FF00A2FEEEA4E6687EB5ED2384A7E47BD15628A00F3FD7AF3EC76B249275AF91FF006EAF1849A0FC34F1049248798FFD5D7D49E2B99E6BA93CB27F75FF002CEBE1BFF829C6B11E8FE02BCB48E4F36E2EAE23F32B9B12FDC35A67E79F8C2F3ED9FBC8E4F36497F7725737382354933D2393CBAD89A6F3B54FDE758BF7958F670FEF64FF00AE95E0166A7FCB3FFB6755E61897FE99C55738F37DA28EB3FF007934B2C9250685CB3FDF4B2778EA9F919D3EE271D65B8F2E3A93CEFB1C52499E946A51793A0D94649F325F32E3FF0069FF00ED3A00D8F07CDFBDAEE347D4A786D7CB8E4FDE45FBCAF3FF000DCFE49EF8AEC3C2B79F6C964E7FE9957162373AE933D73E03F8F3FE11BF89767249FF001EFAAC7E5FFED4AFA73C37AF7F60FC41D3EFA393FD1EEAE3CC8FFEFDF99FFB6F1D7C47A6EA5FD9BA3D95F1FDD496171E5FFDFB92BEA0875E8F58D2FC1FA90924FF004AB8F2E4FF00B691D7918DA67BF81A87E827C3DBC49AD638E4FF00965FBB92BD02CE18E68BCCAF0FF84BAF7936B147E67FAD8E3AF5CD075EF3AD7BD78E7B48B17967E4CBFBC8EB1F589BF75ED5A1AC4D24D892B0F589BF7525066799FC5AF127F63E9927EF3FE59D787C5E7C37526AB3F9BFEAFF00771D7A27C72D4A3BCD66DED249FF0077FEB24FFAE75E57F127C6D043FBC9278AC6CE28FF00E5A49E5455D5491CF51E87D19FB3DFC6C83C37756FE64F5F6C7C1EFDA8A3D365B7F2E78BCB96BF1DF41F88EF792C73DA5DC5736FFF003D2093CD8ABDE3E12FC7892CE18FCC93F79FF5D29BA5521FC3344D54A7FBC3F4E3E367C78B4F124BA7FEF23FDED61E9BE6683AA47893CD8E5FDE47257C17E3CFDAA20D1F5ED0E3BED4ADA292FE4FF438E493F7B2F97FF3CEBEB4F835F19AD3E247836CE3493CDB88BF795CD52A7EF35054FF0077FBB3E88D07FD32D63AB9359F9D692573FE1BD4BFD023D95D459DE7EEABB51E6D4397D4B418FCD92B0F58D1E3847CFE6F15DE5E431CC24AE2FC5579043E6531D23CAFE2169B1F952FFCB2AF93FF00690BC8FEC9715F4E7C54F12F936B2475F1FF00ED09AF7FA2DC49E679B5C0BF887ADECFF767E71FED990FFA7DC7975F29DDFEEAEA4C57D39FB5FDE79D7527AD7CC129F3AE0F7CD7D7607F847C466DFC42FDACE22B728FC031D6A69B37936124759F656725E4BE675FF9E75AFA3D9C73DD471FFCB38BFF0022D7454D8E7A47B6FECAF67E4F88F4B9E4FDD47149FBBFFAE95F41FED21149FF000845BDF58F95F68B0B88E4FF00BF95E39FB3A68F279B672799E5795795F447C48B3FB67C33FB0C71C52C92C71C727F9FFAE95CFF006CEA4CCFF81BE368EF2D639238F8F2FF00D5D7D31E03D7BFE12AD1A49F60F3228FFD5FFCF5AFCFFF0084BF10A4F07F8CBC8E7EC72FEF3F79FEB62FFA67FF007F23F2EBECCF80FE3C8ECF54FB3DDC83ECF7FF00BC8E48E4FF00552574E1AAF254F664D45CE7D71F07FC61FF00092F832DE78FFD645FBB92BB48268FCB8FFE7A57CF5E09F154FE0FF16F97FEAEDF5493CB923FF9E5257BAE9BA979310F323AFA4C3553CEA86A515243FBDF6A2BA0C8F2BBCB3FB1D849FBB3E657E71FFC1543FE25B2DBDA4F27FA45D5C7DA3CBAFD28BCB3FB67EF24FF00595F9E5FF058CF0AC90EBDA3DF491F95FBBF2FF775CF8DFE19AD33F3E2F21FF59FF4D64FFD1754E69BFE3E238EAE6BDE67DBFC8FF9F5AAF343FE951C9FF3D6BE7CB2E7FA9B5F796A9CD0F93D78CFFACAD0F34C31483D6B3FFE59F99599A15EF26FDEF97DAA39A6FDE471E289BFF46D579BF7D2C83BD6806C69BFB9FF0057C7EEEBA0D06F3C9BF8FB475CBD9FEE65C56C68F37FA556550DE933BC866F3A2D62D3FE59F97E657B27C25F1549A97C3EF03DA7FCB48B54FF00D171C95E27A0CD27F6A79727FCBD5BD769F01F581E6E9769E64BFE8B717173FF00A2E3FF00E395E4E27F867B581A9FBC3F443E0CF8A4DE4B671FFD33AF78F0DEA5FF007EEBE53F81B7927DAADFFE99475F42783F57F3A28FD2BE7EAD23E8299E89F6CFDD5626BDFEAE5ABFA6DE1BC8B22A3BC8639A290678A482A1F27FED2179268FAF5BCF3FEEA397F77BEBE2BFDB4B52D4BC61F63B1B492496CE2FDE7971FF00CF4AFBB3F6CCF0DFF6C7876E238E302BE2BFEC7934DD66379FF7B1FF00CF392BD8C2AFF97879389A9FBBF66721FB26F847C47E0BF1309B6DC0B3BA291C96BCF967FE9A7F9F5AFADFC1FA65F5E6B3E5DA7EF7FE5A7971D793E8FE24FF004A8E0B48FF00ED9C75F407ECEBE16BBF18EB56FF00BFFB349356789ADFBCB9D381A508533E2FF8FDE1DF887AEFC7B3AAEBF05F5B7D8648FF00B3FCBFF556B1FF00CB3F2EBF4D3FE09D7E24D4B52D674FB49249658C47FBCAEA3C61FB04FF00C2E0D06DED24BB96DAE2293CC8E7F2EBEA4FD8B7F633D1BE03F8723DFE6DF6A9E5FEF2EE7FF5B5CD52A7B734A5C946133D43C350F931475D07DB7FDBA8F52D363D37FD5C7FBAAC79B529218A4FDE7EF2B54739A1AC6B1E4DB7FACAF3BF1B6B1E4C423F32B5358D7B317FACAF37F1B78924CC9FBCE2B96AD53A30D48E1FE27EB1279527EF319AF90FF683D60C5A7DC75CD7D19F13B5E486D6E3F795F1BFED2DE2A921B5B9FDE5674773A6A33E1BFDABB588E6D56439AF0CD23499353B9711A702BD3FE364D3F8ABC5BF64B48E5964964F2FCB8E89BE18C9E03F0E79977FF2D7F772797FF2D64FF9E75F59857C94CF89C72F698838B30FD8E28E38FF00D64B5B1A0E9BE4EB3A5C7FF3D648E4FF00B675A1FF0008DC70DAF993C7FBD964A93E1EC3FDBDF106DE7923FDDC571FEAFF00E79471D6C6550F7CFD9D74D921BA97FD6C51F99FBCFF00AE95EE9E3DF2E6F096A104924B1795671F97E5FF00CB293FCF975E3FF07E18F4DD2ED9FF00E5A5D5C49735EB1AF7EFBE1A6A13F97E549F678FCC92B96A1AAF80F9CFE2D6833E9B2DEDF47C497FFF001318E48FFE59491C91FDA23FFD175EC9F07FC6D26B1E12B3BE83FD65AFEF3CBAF3BF11C33EB1A5FD9ED3CDFF008F38EE6DE3FF00A69FBAF32B2FE0778C24F0AF8F2F2D2493F7775E67971FFD33AD5107E81FC37F14DA7C48F01C71C724A64B5FF57257BEFC25F154FAFF0085E3F3FF00E3F22FDDC95F1DFEC73AC7FC4E750D34F9BE5CBE5DCDBFEF3FD57FD73AFA83E1BEBDE4F8CA48E393CD8EFE38E4FF00AE5257D0606AFEECC6A9ED1A6DE79DE64823979A2A3B39BC9FF969457AA99C2707FF001F9FBC4925F2C7F723AF93FF00E0A59F0DEEFE2A7C2FBDBE820F34697FBCF32BEBCBCBC8F4D8E4939F2BCBF33CBAF2BF8B5A3C7E24F855AC6951C72CB25FC727FDB2ACEAD2E7A6347E1BEA5FE87ACC91BFFE44A8FC98E68BCBFF005B5D47C72F04FF00C22BF106E2D2393F771495CFCD8862F2E3FF00595F37551D688E63FBAF2FCBAA7793FF00CB38EADDE5E47045E5F9717FD74AA1E749E55654C0A77937FABAAF0F6FFAE944DFBE971C549FEA658C715A99972CA7FF009675D0685FBEBA8DEB9BF3BFD5A5769E0F84CD1472572D53AA91B90CDE4EBD6F2797FEAADEB73F6699A4BCF194863FF3FBC92B9BD6352FECDBA924FF009E51D769FB22D97932DC5DC9FF003D2B9AAFF0CF4B0CFF00787DB1F096F3C9BAAF70F07EA5FBDF2EBE7BF86FA97EEA3ED992BD73C2BAC793E5D78154FA0A554F68D3758F262FF599AB9FDB1FBA93AFEF6B83D37C491DE4545E78C12CE2FF0059FEAAB951A197F19B41FF0084934B9208EBC0F5EFD92E7D4BF7F3CF6DA6DBCBFF002D2793CAAF54F891FB4269BE1BB5F2E3F2AE6F7FB95E0FE30F8E575E2ABFF32793CC93FE59FEF2BBA97B41D3C0F3FEF19EE1FB3DFEC5BE1CB39639E7D66C6FA497FE5A799E557D11A0FECA3ACD9F8A2CA3F0FD8DCDC8F33F77E5DBFF00CB3AF81F41F8D977A6C5DEBD4FC07FB7E7883C37A5C768755BEFB1FF00AB8E0FB449145153A986A933D658187D83F567C07F0F64F0AE976706ADE55B5E4BFF002CE493FD6D7A068D0C9A6E23AFC9FD07FE0A1DA968F14769FDB3732E9F2FEF2E2D3ED1FBAFFAE95F447ECAFF00F051A82F354B7D36FAEBED3A5CBFF3D24F3658A8A94BD99C35B299FF0012133ED4F127973C525717AB7FCB4AD89BC5569AF584775692452C775FBCF323AC7D48F9D6B20AE6AB54F2A92D75383F126A5FEB3F795E6FE30BC939938AF40F15797C7AFB5795FC42D4BC98A4AE53D5A2CF23F8A9AF470DAC98CD7C4FFB457890DE5D490412196497FD5D7D39F1E3C531D9DADC799262BE27F885E2AF3B54BC920FDEEA1FEAEDFF00F8E57760691C58DA9C94C93E0FFC13B4B3BFBCBFBEF2BED917FAC92393F7B17FD328EB0FE21786E3F1878A24BED9FF0012BD1BFD1ADE38FF00E5ADC7FCF3AEB2CF529FC1FE03B6B182E3CDD42FE4FB6DC7FED3FF00DA9573FB060D3745B78E48FF00D1F418FCC924793FD6DC797E6495EDD267CDD43E76F1E5E7D8EEB549208E2FB1D847F628E4FF00A7893F7927FE43FDDFFDB4ACCF84B67268F7424923FF0048F2FF00D5FF00CF2FFAE9FF007EEB43E245E47A6D847063FD225B893CBFDDFF00DFC93FEFE79952780E1FECDFDFFF00CB48ADFCC93FF45C7FE7FE9A5779E627A9EA1E0FD7BFB37FB3E0793FEBA57B8789353FB1FC2FB89E4F2A5F3638E3F23FEDA57CD7A0EB1E778CADE493FD5D857B66BDA94779A37971C9E57FAB8FFD67FDB4FF00DA7597DB3AD1E7FE1BD624D1F4BF3278FED371A0EA1E5C7FF4F51F97FEAEB9A86CCCDF16A3D4A0FF008F797CCF2E7FF9EB1C756752BCFB1DD4769FF2CE292492E3F79FF2D3F79FFC6EB53C07E159358D1ACE79FF007B25AC9247FF006CE4AD4CCF78F80334FA0F8A23BB8F3FBE8E38E34AFAD3C2BA94737C45B7BE82497ECFE5C7731FFED4AF97F41D37FB0B41F3FCBF2AE2D7CBF2FF00E7957BA7C19F15D8C3ACC71C93FF00A3DFC71C76FF00F4CA4AE9C155FF009764D5A47D69343F6CB58E783CAA2B3FC357924DA5883FE5A45FEAE8AFA3479A71FE30D37CED2FC8FDEFEF7F75E44727FE8CAE4FC49E24B1D1E1FECA8FF7B25AC927EEE38FF75156C78DBC551FEEE38E7F2ADFFE987EF6EAEA4FFA675E17F1B7C55AAEB1E5F873428FCAD56FFF00771F976FE6C5611C927FAC93FE59FF00F6CFF59251540FCF7FDBF341B487E2FEA1FD9B1CB208BF79712799E6C51799FEAE3AF9EE69BF755FA01FB6C7C3DD1BC13F0AA4F0FD8C92EAFAA45FE9B717F3C9E6CB2FFCF4B992BF3FE7F2FED527EF3FD5578389F8CE82BCDFB98B1CD53BCF33CA8F1572F3FD6F9759734DE74BFF00A2EB134087FE5A549359F5F2FF007B1D47FEAA88613E6C7D68003FF1FF001FFD74AF54F01E9BE7451F97DABCAED26FF4A8E4E8457B2785664D37C2F25DC92795E6C75CD8946D86397F14DE7FA2EA13A7FAB964F2E3AF64FD9BF4DFECDD063FFA6B5E2FE249BFB4A5B3B48E3F2BCD93F771D7D19F097478ECED4C7D238BF775C3897C903D2C152FDE7B43DC3C0737936B1BD7A2683AF7935E77E1BFB91575167DABC8AA7B28DCF14FC6083C1F61BDE4F2A4FF009675E57E2AFDA73FD16E27F322C7FD74ADCF891F0F7FE13CD1A48E3F37CCF2FF0077E5D785CDFB1C5DCD73FE97ACDF4BFF004CFCCAD6952A66EAA1C9F8C3F684FED2BF92382496E64FF9E71FEF6B2C78DBC63A9D8493D8F87352923FFAE75EF1F0DFE03F87FC1F347FE896DE67FCF4923AFA13E0FF008C343F0AC51C72695A65CC7E67FCB4B7F36BA554A703D2C361ABD7FB67C070FC54F176987CBD4BC3173151A37C66BEBC97F7FE1FB9C7FCB38E3F33FF008DD7EC8785747F833F1225BC8EFBC31A6E9B1DFE9FFBB91EF24FDD5C4765FF00B564AEB358FD9BFE07CB2DE41A547A6DB7956F1FD9E4F33ED3FBC8E3BD924FFD176F1FFDFBFF009E94D5580AA616BC2A7C733F15347F8B1E26BC9F649E08D6A58FFBD059CB29AECFC2BF1B24F0DEA91C71FDA74DBC1FF2C278FCA962AFDCBD43F677F819F0E354D2EF8EB76D7BA7DD5BFF00A8824F3648A4F2E3923F3238FF00791FFCB4AF0CFDAE7F675F83BFB45442D2D743FF0047F2FF00773C91F952DAFF00DB4FF59E652750E9C2D3A8795FEC4FFF00050192F3468FC3FAADDF9B716BFEAFCC92BEBCF0B7C72B1F185861278B8FF9E75F97FAC7FC1367E21F80FC5023F006AB63E20B397FE3DE3BFB8FB35D45FF006D3FD5D7A87EC7FE0FF88DF0C7C6F7163E38B1BED36F2293F771F99F69B697FEDA579B569D3FF976716357EF0FB83C47AC7FD34AF13F8B5AF259DAC927995DC5E788FED96BE6799E6D783FED15E2A8ECE2B8FDE758EB85195CF99FF6A3F8A9F62B5B88FCCFF5B5F2FDE6B1FDA57F6F691C9E6C72C7E64924727FADFDE56BFED45F10A4BCBAB88FCCE2B8CF07DE49F6AB7B493FD5DD492471FF00D74F32BDCC2D3FDD9E262713CF50F5CD1FCFD4FC516724F1FEF3CCFF00BFB1C727FF006CA3C61783FE112D524F3FF79756F27DA2493FE597995A9E15B3BBD36D7EDD1FEEBCDB79228FFE997EEFFF00B5C95CFF00C419BC9F045E471FFCB2FECBF33FEDA7975E9523CEA87CFF00F10AF0DE78DFC8FF009F5FF969FF004D24FF00ED957347D63CE96E27493CAB78BF79FF006CE38FCB8EB1F5EBCFF89A5E4F1FFAC97F7759F0CD27D97ECFFEABED5FFA2E3AEA3CB3B0F056B1E4DFF9F279BFE9527975EC9A3F8C2087C396FE7C9FBBFDE5CFFD7AFEEFF79FF90EBE7FD06F3CE964F2FF00E59475DC43A947FF000AFB54BB93F751CBFE8DE7FF00D3493FFB5D0741D07C24FF008A9354D52EE793F79E647E67FDFB92BD73C07A6FF66FF61C1267CBF2E4B9912BCEFE064369A0E826793FD5FF00C8464F323FF5BFF2CE3F33FF00225749378C2D21F11F97279B2C7F67FF00C87FF2CFFF0046563540F70D4AF238746F2F1145FBBFDDFF00DB4AD4D1FC55FF0008ACB6F6327FAC8A48E48E4FF9E5FF004CEBCBF4DF1579D168EF3C9E6C7E5FEF3FEBA7995DA78C3CFBDBA8F52FB47FA1DD5C7EF3FE99495AE18D0FBB3E1EF8923D4B46D3F52824F2A397F77E5FFAD8BCCA2BCDFF0064BF1847AC784AE34A9E7962BCB5FDE491C9457D2D0C4FB88E5F646A78DB5293C376125A588FB76B12C7FBC9DE3FF55FE7FE79FF00FBCAF37D4BCCF01E8DAA49047E6EA975E5F99773C9FBDBFBC93F791C7FF5CE38E4FF00D195EA10E9B3E83A0C9773C7FE91147E649FBCFDECB27F9F2FCBAF9DFC79F1223D1FC11E24F175F49E5687E128EE248FCB93FE3EAF24FF005927FD74FDE471C75A557A1CD4CF9A3F6F9F8B51783B4C1E03D2DFFB4FC49ACC9F69D62EFF00E5ACB27FD33FFDA7FF003CEBE6AF891F04F52F857A5D9C9A947E55C4BFBC923AFA57F61DF811A8FC78F8B23E26F8A6DE6BDFB5DDC971610489FBABBFF591FF00DFBFF967FF006CA4FF00A6758DFF0005569B4DD37E285BE8D633F9B268D6FE66A9E5FF00CB5B892BC8AB4B9FF786E7C85A8FFAA3542187CE96AC7FADA3FE99D73004B37EEFF79FF7F2ABCDFEB7CBF33CDA7DE7FAA1504B33E4EC90E25A00921FDCF97EF5E910DE7F69683671F99FBBAF2F860FB5C8238EBB4D1EF7C9D2E49332E22FDDC759542A91D0780F4DFEDDF1E4727FCB38BF795F487C3787F75DFF00E7A5789FC1FD064D37F7F3FF00AC963AF75F047FABAF131B57DF3DFC0D2E4A67A5E8337EEABA4D366F4AE5341FF571574767E64C7D6BCF3D7A674167379317EEEABF893478F52B5FF567CCAB1A3FEFB3EF5D05A68FF6CA9F6A6963C4F52867D371FEB6B3E6F1249672F991C9E566BDF0FC1FFED897FD5D61F8ABF63FD4B5E963FB0C747B535A756A53FE19E5767F1DEFB411E5C7772F975A10FED39A94D751C9F6BAED21FF008269F8C752FDE47071FF005D2BA4F0DFFC125FC6B780F991F95FF6D2B65ECC3FB5EB9C7D9FED5DACF951C71CFE6FFCF3AE83C37F1FBC4FAF5D470471CB2F9B5EB9E03FF8245EB3672F997D1FEEFF00E9A495EC1E09FD8563F07CB1FEEE2ACAAB3459B5499CDFC01875CFF47BED4BF751C5FF002CEBD23C4B79F6C97CCAE93FE15EC7E14B58FF0077FEAAB8CF185E4767149EF5C9732AB57DA1CD6BDAC470F99ED5F29FED75F10BEC515C47E67FE44AF6CF885E2AFB1DAC920AF83FF6B4F89D1DE5FDC7EF3835B61A973D433C4D5F674CF9AFE396BD26A5A9DC664F37F77FBCAE93E1EE9B1EAF6B1F979F33CB8EE63FFAE91FFACFFDA95E77A95E27892FEF3CCFDD495EA1FB3AC33DE787648E38E39750D06F3CC92393FE79FF00FBBAFA34BDC3E4FDAFB4A87BA59EA5F62D06492DFF00D5FF00AC8FFEDA475C3FC5AB3921D06E24B4F37CBBAFB1F971A7EF7CAF2FCCFF00ED75DA79DE4F872E27F2CCBFF12FFB4DBFFD748E4FFE375C9FC4887FB4BC25730797E549E5C7247E67FCF48FF77FFB52B3A46950F9CF5ED33F7B24FE645F67F33EFC7FEABFEDA7FCB48EB1FF00B36EEF229278E3F37CDFF9691FFAA8ABA8D4BFE127F0DCB27973DCC76FFF004C2E3FF224759779AEDF68263BBBBBB96E643FEAE49E3FDEFF00E44FDE5779E592430FF66EA864F3EDA59228FF00D2238FFE5956A789358F3BC2FA1E94643E5CB2497327FE43AC3D36F23BCB5DF25A5B7EF7F8FCC922AB979358C3756704625FDEFEEFCCFF005BE550741EC167AC7FC5B9924823C5C5D7971FFDB4FF0057FF00B52B2EF7528F5296CE78E4C5BF99E5F99FF4CE38BF77FF00A2EB9F3E24934DD06CE0F333716BA7C973FEAFFE5A49FF00EF3CCFFB6752786E6F3BC1B1C7FF002D25FF00967FF5CE4F33FF006A5007B059EB125E784A38E0FDEC915E7FEDB7EF3FF45D7AE7C199BFE13CF0BDC58CFE6F9623FDE4927FE8DAF13F8410C7A9780EE248FCDFF8F8FF009E9FF4CE48FF00F6A5759FB31FC42FECDD7ACE393FE3DEEA392DBCBFFA6947FCBC343E88FD9BF5F3E1BF145BC13CF2CB716B27D8AE24FF0096B4567DE431F857E235BEA5E47951EA91FEF248FF00E7A7FCB3928AEF8B33B9ED9FB5778AAEFC07E1CB7B18278BFB435493FEFEF99FEAE3FF00C895F0FF00EDA5F1227F8A9E3CF07FC0BF0FFDA7FB3ED6F23935892393CD96FEE3FE5A49FF006CFF00795EE9FB697C60F27E2FDE5F491FFC89B67F698FF77FBA8AF3CB924FFC87FBBAF27FF8263FC0DFED8BFD67E34F89EEFCC92592E3FB3E79FF007BFBCFF969257A1887CFFBB38CFA33C4BACE9DFB2EFC30FB46CB1B196C2CFCBB7820FDD456BFBBFDDC71FF00D738E3AFC9FF008F1E3C9FE26FC55D6352FF00551DFDC7991C7E67FDFBAFA13FE0A43FB544FE24F16DCF8574A9258ACED7F7727FD32FFA6747EC15FB0B7FC2DA8A5D63C4F1DCC3A7C5FF002EFF00F2D658E3FF00D17E67FABAE5A8B9E7ECE981F27C3A6C908FDE55787FD6F99257B27C66F04DA43F11BC616F6969F668EC2F248EDE0823FF00555E2FAC4BE4FEEE3AE3AB48D083539A39B539CC79F2FCCF93FDCA8A684C5469B047777E11C9F2E9F37FAEA48CC974F6F2AD64EC25FBEFE95B9A0CDE75D5BC7D2386B1ECE6FB5F51FE8F0D6869B31FB57BC55954D8DA933DB3C07771FEEFAFFABAF5CF07DE1F2A3AF9BFC37AFC9678923AF58F01FC428E68BFE9A578989A47D1E06A9EF9A0DE7FABCD769A0CC67AF1FD07C55E71FF00595DA68FAF49FF003D2BCF3D73D434D863E6BB0F0DE9B1CD347892BCAB41F157EEBCB924AEC741F1AFD8FF00E5A455C954691EE1E1BD060FDDF6AF48F0159C114B5E07A07C59FF0057FBCAEC341F8C3E4FFCF2AC8E9548FAD3C2B35A436B1FC9157A0785752B19BFE7957C7FA0FC7E9218BFD657A2783FF684F3A58FF7917995D54AA9CB570C7D5914D07D97CB8E38AB97F1259C7F659335C1E8FF001E23F28799273562F7E2747A945FEB3F775A55C49CEB0D50C7F1E43FBA92BC3FE247EE6290D7B07893C491DE4727CFFBBAF03F8CDE2A834DB5B893D2B851D148F9EFE3F78C3FB22C2E3F782BF3BFF68AF1879D7F71FBCAFA7FF69CF89C66FB447E657C29F16BC49F6CD524AFA0CB30C7939955FDD98FE1598DEEA7787B1B7F32BD43F66FF187FC237F11ACED2FBFE3CF5493EC52799FF2CABC93C1F34769AEDBF9CE717527D9CC7FF4CE4AE9EF3CC8658C7FC7B5C799FF007EA48EBD7A948F9FA554FB026F334DF06FD9278E2F322BC92DA48E4FF9E72491FF00F1BAE2E6BC8EF3FB2E0BB93ECD1EA11F9727FD32FF00468E4FFD15E656A43F1093C6DF0E6DEFA4B88A29359D3EDEF64FFA6524727972579FF8ABC49F62B096493CA96E2D6493F71FF4D2393F79FF00A324AE6A68E9AACF37D62449EE8E9CEF1C724BFBD28FFBDFDE7FD33F33FD67FD73AE7F58D35F4897EC375008BCDFDE5BCF1FFAA96BA0F8E3A179D147A941E57EFBCB93FEFE7F9FFC895CDD978BEECC71C17D1FDAADE28FCCF9FF00D6C5E5FF00D34AEA30B96347B38EF6D7CC8E78A593CBFF0096946BD6724D2F97FF002D22FDDFEEE3AD0D1ECEC6F3F7F04E628E58FCCF227A269A7F0DD8473F99E6FEEE49238FCCFF009692507386B1A9793E23F2FAC7E647FF00A2EBB4F0AC31E9BA5E9F7D3C9E55BDAF9727EEFF00E5AC9E67F9FF003FBBAF3FB3BD9FFB7A3F33ECD2C9FEB3FE3DE3AEB26BC9F52B1B38E4925F2C7FD34FF9E71D0741EC9F066F20D4BC5B711F97F66D3E5F32DA3823FF00965E5FF9F33FEDA572FF000C7C492786FC516F1F99FEAAE2AE7C25D623B3D7ACE79243F688A48FCC83FE7AF991FF00ACAC7F1E43FF0008DFC41D4278C7EEFED9E647FF007F2B403EB4F187893FB7BC076F24724517D97ECF27FE44A2B87D1FC49FDA5F0463BEFF009E51C76D714569ED49F64797FEDF9F13AEFE24FC50B8F0FE9524B2C9AF6B12799047FF005D3CB8FF00F21F975EC9FB47FED2B65FB387C17D2FC1DA349158C7E1CD3E38E3B4FF0055F6A93FD5C7FF00C724AF95E1F1E69A3F69A93C5D398E4D3F468EE356F2E4FF0096B2492C9E5FFE8C8EB87D060D77F6B3FDA0ACF4EDF2DCEA1AFDE7971C7E67FAAAEEF6A729E9BFB1DFECB1AEFED45E3BBCF14EB320974A13C924924E3CC96FEE3FE99C75FA7FF0DFE1BC1F07F41B8D3648E28A3F2FED3249FF004D3CBFF57FF6CFFF006A558F80FF0007FC3FFB3DFC2AB7D364F2A2D63ECF1FDA3CB8FF00D5797FF2CE3AE6FF006CCF8B507C31F823A86AB77E6D8F956727F67C727FAD96493FE5A576D3A7ECE9DC8F8CFCBBF8C1F13A0B3F1278D2F924F36E354D42E238FF00EB9F995E0734DE74BE60EF5B3E23BD7D77549642243993CC93F774FD07C1571A94844705CC921FF57FBBAF0EAD646AA8BE867DAC49696A2493FD6495259E9B25E7FD328EBD23C2BFB37F89FC5526FB4F0FEAF7D27FD7BC9E5455DA59FEC73E38D4A2C7FC231ABCB1FF00CB38E3B7AE2A98EA676D2C0D499E0734DF6331A212638AB52CECFCD8B7C75EC1AC7EC37F10FF00791C1E0AF107FDB3D3E4AB1E0FFD80FE34DE45FB8F863E3296DFFE59C9FD97251F5AA7DC161AA7F21E5F67349CF99FF1F15B1A3EBB259CBE647FBA93FE79D7A66B1FB0DFC5BD06D6492FBE1AF8DADA38BFE7A68F71FF00C6EBCFF5EF863ACF86EEA4B7D574AD4B4D922FF9673DBC915737B5A750EE54AA533B8F04FC54F26EA38E7AF58D07C611DE795FBFFDE0AF97E1F32D3FD7FEF63FF9E95B1A0F892FB41F2E4B493CD8FF00E79C95CD530C7A386C6FFCFC3EB0D1FC4988BFD6574167E2AF27EE49FBCAF9AFC2BF1CBC9F2E3BB8FCA92BD0347F8A963A9451F9771166BCDAB86A87AF4B134E67B659F8DA4B394D6E59FC5492197FD65789C3E308E7FF00969527FC24B1FF007E2FCEB3A548BB9EF90FC5A8FF00E7BD759E15F8CDF63F2C79F5F2DFFC261E4FFCB7E95243F107C9FF0096F5AFB223DA9F747873E39473451FEFEBA4B3F8E51D9CBFBB9E2F2ABF3DFF00E1764FA6FF00AB9FFF0022567EA5FB485D43E67EFF00A7FD34A3EA465F5A3F45358FDA2A0FB29F32EE2FFBF95F37FED2DFB485A59E977063BB8863FE9A57C8FE2AFDA73519849FE97FF912BC6FE217C669F52F33CF9FCDCD74D2CB4E1C56654CEA3E337C65FED8964F2E4E4D7CFF00E24D63ED975E61F2A5A8F5FF0014C9ABCC420223ACC924F3B93D2BDFA386F667CA6271AEA1622BB7FB509DFF007927995E9FE2A86386EA492093F772FF00A6C75E4F17FAE15E8935E79DE1CD3E4FF969FBCB6AD2A196199E81E0AF11983C1D1DB9722DCDC49FF4D3CA8E4FF591FF00DFC8EA3F126BD0623FF96B71149E65C41FF3D7F77E5C9FF7F23AE3FC07A962C2E23EBFBC8E4FFDA7FF00B52A3D63528E1BEC471C5FF2CEB9A97F10EDFF00976685E78923BCF3343BE9FCD8EEA3FB3C927FD34FF967FF00A2E3AE2EF3CFB3F3207F36292293CB93CC8EB43C6B793C37FE663FD5491C71EF8FFE79D47E24BD8F5EB58EEE0FDD49FEAE48FF00CFF9FDDD751C849A04DE7683247247FEABFE59D69EBB3793A547FBBFF55711FEEEB33C1F0FEF6E2093F77E6D6C6B10C93586A1FF007F3FEFDD66057D33FE43317FD73AEA2CE6F3AD7CCF33FD54727975CDE83FE99611FEEC7996BFFA2FFCF975DA68367FBAB78E4FF572D0741A1E15BC9E1F197EEF98FCCFDDC9FF006D2BB0FDA434D921F16F99FF002CEEADE392B2F47B38F52F8836F691C7E6DBDAC9FE911C9FF5D3FF00DE5761FB4869B3D9EA9FBB8FFE4171DBFF00ACFF003FF4D2BA3D97EEC0D0F01EBDE4FC1BB8B4E658E5923F328AE4FC37662CFEC7A6C727EEEFE48E48FCBFF96B456607CD7ACDD5C41AEEA9691F49A4FB3C95F6E7FC124BE0769DA76A9AA7C4AD5A08EDACF418FCAD3EEEE3F7714527FCB492BE53F863F023C4FF0013FC77A8586956335F5C4371E5DC3FFCB28BFEBA495FA39F037F6759341F85FA1F87F55922B9B7D2E38FCC820FF552C9FEB3F79FF6D2955CCA850F8CBC3606A57F80F4CD63F6A9B1D4A2923F08F85752F14FFD3FCFFE8D14B27FD7493F7927FDB38FCBAF13F8E5FB34F8FF00F6C6D7B4F93C5DA969BA269F6B1F976F616124973FFC6EBE8CF0AF80E0B38A38E38EBB8D1FC37043FBCE95F3F8DE23AF5B4A67BF85C9610FE21F2DFC37FF008254F80341FB3C97D6973ABDC45FF3DEE3F75FF7EE3AF78F01FECA3E11F01DAC7FD9BA1E9B63FF005CEDEBD22CE18E1FF9E5E655CB29FF00E59D783571552A1EDD2C0D387F0CC3D37C0763A645FB8B48BFEFDD741A0F8563878923F2AAE59C3FF2CF15D268F67FBDF535CD7675248B9E1BD0638648E41057A268367E4C51D63E83671F6C7995D869B65E745E94EECE5AB50D0874D826F2C797179955F5EF84BA1F8C2C3C8D4B4AB1BEF37F8278E396B52CE1ED5A9690F93166BA29536737B43E3FFDA2BFE08B7F077E36D85C4906871786F5497FD5DDE93FE8DE57FDB3FF005727FDFBAFCEFF00DA8BFE084DF147E03D85C6ABE119EDBC77A5C5FBC920B48FCABEF2FF00EB9FFCB4FF00B675FBC96767E77EF28BCF0DC77917FA8E7FEB9D76D2C4D481C55695399FCA5DE69B259DFDC58DDC12DB5E5AC9E5C90491F952C544224865E2BF7D7F6FCFF8242F80FF006C68A5D67C897C37E348A3FF0047D6AD23FDECBFF4CEE23FF9691FFE44AFC5EFDA73F64BF1CFEC7FF107FE11CF1AE95F66925F33EC7A941FBDB1D523FF009E91C95EB52C4D399C5530D521B1C1D9EA53C317EEE7B9FF00BF95721D7B52FF009FB97359F0FEEBDEAE41DEAEC6949D42E7FC249A943FF2D2A39BC557D0FF00AC8EA4B387B5179674EC69ED4CFBCF185F7FCF396B9FD4BC497737FF00BCADCD4A1FDD715C9EBD3182B5A48E2AB54C3D7B5E9FF79E6492D71FA96A5F6C979AD4F125E7FACC57373F6AF4A9523C4C4D523A3268A92B538496D5BCB627D6BA7D36F3FE29C90C79FDD49E6572E3FE59D749A3FF00C82EF13FE7AD6550E9C31A9E159BC9BFBC8FA547AC4DE45DFEF3FD5F9755BC373490EB324752EB107DB2C24C7FAC87F791D41D658D5EEFCFB5FDFF00946DEEBCBFDE7FCF292B1ECFCCB3FB447CCB6FFF002D3CBAD0D3628F57D324B59242241E656599A7B38A38E78FCA92D7FD5C91D68739B1E0FBCFB1EB3E5C7FBD8FFD5D7697BA6F937FE7C91FFA3DFC7247FF004CBCCF2EBCDF4D9BEC77F1C91F1FF3CEBE80F87BA3FF00C279E088ED3CB8A5FB2C91F97249FF002CA4FF0096758D536A6799F86ECE4B3BF920923F37FF006AD771A6C32436167FF4CBF791C95CFCFA6C7A6EB32473F9B149FEAE4AEE21B393FB06493B451D4946A780FCC9BE2599E38C7FA7DBC71FFDFB923F33FCFF00D34AEB3E3C6B163FF08E5C4F3C9FE992C9671F99FF004EFE5C759FF09668E1BFB8F2E3FDE79725CC727FD34AC3F8D9791DE5D7F64C1FBD92D64F2E4FFA6BE5D765FF00760687827C37259F8A3478E492294C527EF23A2BA8F07F86E4B3D67438FF007B149F67F3248E4FF96B1D15981F5C7C3DF863A3783ED7CBD36C6DAC6396492E64F223FF005B27FCF4AF48D1F4D8EB9FD1FF00739C76AEB3469BF73FBBAF84C555F687DC52A5ECCDCD3618FF00D5E735A967E5C3FEAEB3ED268FCAAB90DE47E573591A5CB90C3FBAAB10CD59FF006CF7FD2A4B39BBD739B526749A3CD5D668337FABAE1F41F326AEB7479BC9A02AB3D1FC37FEA6BACD1E1F3BCBAE1FC3979EB5DC68337FABDE2B4A470D5372186B52CE1FDD76AA767DAB52184CB5D8719634E863F3ABA0B384795FEAC561D9FEE65C56C59CD1F1E674ADA918D50D63478E68BFD5D78C7ED2DFB2EF847F68AF87F79E1CF1768D6DADE9775FF2CE48FF007B6B27FCF48E4FF96727FD34AF77FDDCD177E2B9FD7ACCF95251519AD2A87F387FB757EC13E23FD887E25FD86FBCDD4BC2FAA799268FAB797FF1F51FFCF393FE79C91D789C1DEBFA2CFDABBF675F0C7ED17F0AB54F0AF89ED3ED3A5DFF00FAB923FF005B6B27FCB3923FFA691D7E0BFED39FB34F88FF00651F8BFA8F857C411F9B245FBCB3BB8FFD55FDBFFCB3923AEDC362B9FF007615691C3C3FBAF7AB1E749CF97D6A9C3318AA4AED20A7AC4D5C1F8AA63E5495DA789264F2BF779AF3FF00155E7FAC26BAA91E5E28E3F5E9BF79FBBAC79FB5686A537EF64ACBAF451E0547A85588E2CC719F5AAF5726FF00571FFD73A664450FFAEADDD366F3AEA38233FBBF2EB1E184CB5734DBCF26EA3ACAA1D548D4D066FF004F8FCCAB1A9432432C9FF3CE5FDDD65F9C6CF538E48FFE7A56C6A5E659DD7991C9FBA97F791C950755CA7A6EA5269B2F99D3FE59D6C6AFA379D611DDF97E6DBC51FEF3FE997FD34AC7FB1F9D7524721F2BFE79D751F0F6F3CABA8EC7528E58A397FD5F99FF002D684CE739BBCD07EC78923F37CBFF00967227EF2BDB3F65DF124FF6FF00B24F24B1472FEEEE249FFF0021C9FF007F2BCFFC61F0F6EFC3775713C7FBDD2E5FF57247FF003CEABFC3DF155DF8275E12411E9B73FF002D23924B78E5F363FF009E74AA7BE347D09F1E3E0CC1E549A958C9145796BFBBD420F2FF00E5A7FCF4FF00E395CDE9B0F9BE17F2E493CDBCB5FF008F88FF00E99FFF001CAF6CF01F8DAD3E21784B4FBE8248AE63BAB7FB1491C9FEB658E3FF00A67FF90FFEFDD79DEB3E038FC07E28F334DFDEE9FF00EB2DE3F33FD547581D4A914EF3CCD075ED0F4D823FDD4BFBB9248FFE5AC7E67FFBCAA7A6E8FF00F0B23E2359DF797E57DAEE23FB449FF6D2B521B4F3A5B8823FDD5BCB6F2496FF00F4EB2797FF00C73CBAF40F83FF000C67D07FB2FF0077FE912EA11FEF24FF0096B5BD27CE15691D07C6CD1E7F0DFC46F05DDC707956FE5C914927FD74FDDD15DA7ED09AC4737C41D2E3F225FB1DAFD9E4FDE7FCB2FDE515E83A441ED1A3D751A3CD5C7E8F35751A3CD1F951D7E7354FB9A675167FEA8D49E7FB565FDB3FD649E654915E7FCB406B22CD4F3BCAFC6AC4379FF2D3FE5A561FF691F37CCF2F8AB10EA7DEB3F64173ACD06F3D6BA4D36F3FD5E6BCFF0047D623965E3FD5D75967AC47111E5D65500F50F0ADE7952C664CD779E1BBCFDD47EB5E3FE1BD63FD5F35DC683E23FF005718AD691150F50B3D4BF7BE5F4AD8B39BBD70FA6EB124C78AE8347D6249A5C3C95D0711D459CDFF004D2B52CE6F3BF0AE6E198C55A1A6DE7EF63ADA95532AA749F6CF279EB54F58FF0096844751FDB3DFF4AA735E79DE677AD2AD532A4727E3084F95257C07FF000580FD92E3F8D7F05BFE127D360F37C41E088E4BDB7F2FFE5EACFF00E5E23FFC87E67FDB3FFA695FA09E2A3E75AFD6BCAFC6FA6C735AC9FBBFDDD79D1ABECEA7B43D2A6B9E99FCE9D1E7FB57B07EDEDF01FF00E19BFF00696D7343823F2F47BF93FB474BFF00AF793FE59FFDB393CC8FFED9D789DE4DFBAF33A015F5745FB4FDE1E4D57ECFF7667F892F3F755E77E24BCFF598AEB3C4979FBAAE0F5FBBF3BD4D77523C8C4D530EF253E6F7A8E89A5F3A41E945771E2090FF00AEAB37917FA5471D32CD0B091FFE79253FFD75D7987341691243FBAF7A8E19BC997CC3DAA49A6FDD7FABFF005B55E698CB41A9A979379FE5C9E95D26921357D323B79047E67FAD8E493FD57FD348FF00CFFCF3AE4FCEF3AD7DE2AD4F0E6A3FF2CF7FEF0FFABFFA65599B52249A6F3A2FB23F9BE65AFEEEAC69B79259E7CBFDD7FED2AB97B671EA5179F249E55C5AD4767E64DE6491F95E67FCB48EB3158F70F84BE35B1F187846E2C6EC472BDAFF00C7C2491C7E6DAFFD34FF00AE75E57E3BF0D1F05F89248DE38A3B79BFE3DDE3FF0055FF007F3FE79FFCB4AB1E0ED62EF47BAB7D474A92DADB50B093F77E6491FF00ABFF009E727FCF48EBB4D4B4D93C77E18FB75A5C45F661FBC92D3ED91C52D87FCF4FF969FEAFCDA0DD1D07ECA3E308E1BFD434A8E4F2A4FF008F9B38FF00E7AFFD33FF003FF3D2BDA3C55A68D7BC116FA9695FBDBCB0B8923F2E48FF00E59FFCF393FCFF00CB3AF95FE1EEBD77A0F8DECEFA4BB8A592D7F77E6797FEB63FF3FF00A32BE9CF87BA947378B2F34D93CDFB1EB36F25ED9C7E67FCB4F2FCCF2FFED9C91F97FF006D2B96A974AA997E1BBB8358D1BFB4AD20FF005B279725BC927FAA8FCCFDE57B07C31D4A0D635ED2E78FCA97CAFF0057E67FD34FF3FF00912BCAF58D063F879E288E7B7FF4ED3F5493CC920FF96B17FD34ADBF87BAF47A3CB1CF69E54B67E67992471C9FBD8A3FFAE75AD2ABC874D47A1E83F1FACE3D4AEA3B81E6C5731491C94558F1E6A569E2AD0AE2FA0F2A5922D3FCCF2FFE7AC9E647FEAE8AF595538CF54D367F265DF5B167A97F1C75C7FF0069793FBC8FB5588358FF009664D7E6C7DA1E810EBD279B563FB613D2B87B3D63B558875893FEDAD666BED0EA26D4BC997FD65490EB1D4B9AE5FF00B4BFE5A668FED23E6F99CD059DC59EA5E4CB5D069BAC11171274AF33B3D4BC9AE834DD63C9FDDE62887FD74A00F54D1FC492663F9F15D6683AC7F1992BC8F4DD6312FEF0D759A0EB3FEABF795CDF001ED1A0F893FD57982BBCD0753FDD47E5FF00ABAF1BF0DEA5FBD8DEBD03C357924D1475AD2AA73D5A47A059EA5D6AE79D897CCF33CDAE6F4DBBEF21AD186F248ABA7DA9CDEC8DF3A97FAB8C5135E7FD34AC38752FF969524DA919A2FF009E46B2F680A906B179E745E5D709E2AFF582BA79AF3CEF33BD72FE2A87F75FF4D05716219DD491F9CFFF0005B6F84B1EB1E03F0F78BA083FD2346BC92CAE24FF00A77B8FFED91FFE44AFCCFD62BF703F6DEF87B1FC4EFD9CFC69A3797E6C92E8F7125BFF00D7C471F991FF00E448E3AFC2BD7AF3C9F33CCFF595F499255F694CF3336A7C950E6FC5579E4C55C3EA537EEBAFFADAE83C4979E74B5CBEAD2F9D75CF415F4944F93C4D429D4B29FDDC69DEA2A2BA4E12C5ACE628A41FF3D78A920EF55E0EF52506B4C49BFD754737FAEA5A27ED419162D26F265C54B139B5B80E9CE2A9443048AB917EFA3F2FFE5A5074D3A8771A3DE79D2C73C79F33CBF2E4FF00A6B5B1AC68FE7587F695AFFC7BFF00CB4F2E3FF5525707A3EA5269B751C91F062AF58F01EB13D9FF00C4D7468CCB1C51FF00A441FEB7CAFF00ED75C553F7677527CE73767A6C7E24F32783CAFB645FF2CFF77FE95FFDB2AEE97ABCDE1CBBB7D561926114BFEB30F9FDE7FCB4FF00B69E5FFDFCFF00B695DFEBDF0C60F885A0C9E20F08FDBADAF2D7FE421A4C7279BE57FD348FFE5A797FF7F2BCEFFB6239A5B882EFCABEF37F7771E5FF00CB5FFED95A52ABCE64E9721A12C305DEA91C91C728B7BAFF009696F1FEEBFE99DCC7FF003CFF0079E5D7B67C19D7A7862F0FEA47CDF32D6492DA48E4FF0096527971C91FFED4AF9EECC4FA05D7D92492596CEEA3FDDFFED393FF0045D7B47ECF7AC47345A8E9B77FF1F161791FEF3CCFF5B1C773FF00C6E492B2AA148F4CF18CBFD9BAF59C73FD9BF7B6FF00F2D3FEBA7EEFFEFE7991D72F67E2493C15E22B7FF5B15BCBFBBF33CBF365F2EAC7C78D7AEFFB1B42F324F364BABCFDE47FF4CE48FF00775C9E8FE3093CAFB0CF27FCB3FDDC92549D348F5487C61A6F325A4F14BA7DD47FBC8D3F7BF6093F77FBC8FF00E99D15E7F67AC7D8EEBCB924FDD4B1FEF23FF9EB1FEF3F791FFD348E8A9BCCD7D99F5A4DA9F7A921D623F37FD6572F7979E74BED5259DE57CDFB23DF554ED2CF52FDEFAD5C8751F265FF00595CBC3A9F7AB96979FF002D2B13A533A4FB67BFE9527DB3DFF4AC386F3FE9A54F0DE7EF7F791D47B203A1B3BC1E6F995B9A6DE571F67795B9A6CDE9591AD33BCD36F3FD5E6BA4D06F3A460D79FE9BA949FBBF2EBA8D0752FDEFFACEB4167AA785752FF566BD13C35AC49FF6CEBC6FC37A9186BD23C2BA97EEA3EF9FF575CE07A668FA947FF3D2B63ED91CD17EEEB93D07528EB721BCFF0045F6AD3DA9CE684379FBDF7A9269BCAACBFB67BFE9524D79FBAFF59FBCACBDA0124D3793FF002D2B1FC49FEAA4923AD09BB492565EB13573D435A679BF8F3CB16B247247E6C72C7FEAEBF9E7F89DA3C9E15F16EB1A6C87F79617925B7FDFB93CBAFE873C6D0FFACCD7E03FED8DA47F60FED41F112D3FE79788350F2FFF000264AF7B87FE399C39E7F0E0CF13D626F26293A9AE718E4F1DAB53C5179E7DDF97FF003CF8ACEAFB3A6B43E12AD4BB23A28A2B433153AD4F55EAC45FBD8F1CE4500473F6A93FE5953E0B74B962AC5811D31493C02072B8008F4A4D971A6DABA2188F9673D6A4F9EB67C3FA2DBEAB2A091A5562493B085CFF0087E1572C3C0D6F79A8B5A19671213F29DC02F7EBC7B54B9A5B97EC26654321BC00C7FF001F115749F0F7C7771E10D6639E29CDB483FE9A7EEA5AAD79E0E7D2EEA30B2FEF15C853BC903903D2AE9F0BC5ADCC6155104E40CED63E5E7D79C93D7A9E6A272523A69A71DCFA33C1F34179756FAAF872396DB51F2FCCFB241FBDF37FE7A797FF003D3FEB9FEEE4FF009E75CFFC42F07E87F13AEAE3C47A1FFA36B12FEF2E238E3FDD4BFF006CEBC5FC19E299FC1779208269BCA5FBEB8072703E9EB5E9FE1BF151F1ADCBEAE9731D86BD24BF3445716DAAFCAB832F27CB949CFEF3F8FA75049E39D39C754762AB4E7A1C66A579FD9B691C13DA4B6D27EF3F771FEF62AEF3E0FEA51CDF11AE1208E2FDEDBDC47247249FF4D2B2FE217D87528BED71C72D8F95FF001F104959FF00096F3EC7E3CB2FF9652CD27996F27FCB2AD3DA99FB23D83E3C6A5FDA5E1CBCF32497F73E5C96FF00BBFF005527FF00BBF33FEFDD799F85758FED28ACFCFF0037FE79FEEFFD6D749F182F248628EC6D312C9FF2D23FF96B17F9F32B8BD0668F41B08DE493CDBC8BF771D49A9E99790FEF63D3678FFE2616B1F991C9E67FC7D47FF3D3FF00465155FC370FFC26DE0DFB2472795AA6836F25CD9FFD35F2E4FF0057FF007EA8AD0D0FA43CFF006A92CEF2B2E69AA4866AF9B3DC3A0B39BBD6A59EA5274AE7ECEF3F755721BCFDD7B56352917499D043A97FD34AB10DE79DED5CFC379E95A16779589D26E59DE7935D069B31F379AE3ECEF2BA4D1FFD49A8AA0759A64DE4FE35D268337EF7FEDA571FA74DFEAF35D2683FBA971CD64741E81A0DE7FABCD779E1BBCFDD47EB5E6FA6CDE95D8786EF24FDDD735403D5341BCFDD7B5749A6DE483CBCC95C3E83A97FABCD761A6CDFBAE3FD5D41150D898FFCB43251FBCFF598FDDD57E6687EB5279DFBDA0C82F26F3BAC66A9CDFEABCB8EAE4DE5FEF3D6B2EF3CB84FFD34ACCE838FF1BC1E6DAC95F847FF00055CB3FF008443F6CDF1C797CC77F25BDCC7FF006D2DA3AFDE8F15431CD6B257E17FFC17074BFECEFDB37CCFF9FF00D0ED2E7FF224B1FF00ED3AF6B86FF8E79D9FFF00BA1F19CD319652FEB51D1457DD1F0014514500152DA7FACA8AA4866314A1FD2802D42DB661CE334FBB40DF3752699296F2ADDCAAA8604003B63FFD74F2FBA303BD075527A16747BB681C05383CFF002AECAEC2C7AA5A4F163207CD8E7FCF5AE1F4E222BC466E5467F9575FA3CC658817C93C01939C715CD563A9D907A1D3203A868971B10B3C60BFCBC9CE01FE95818B8F3222A5E390C9B49D99C73E95BBE14BEFB0EA0B6AEA5BED8405E78E411D3F1A8BC79A35C689721C0289331605481B78073C1F7A84ECC251BA20D62D66D72D46A36F21F360210A226F27A8CFB7DE1DAB3E2D5A5B4D6519C4B3453C43788CA3329C9E3CB3D7EB5A7E01D4AD20BF2F25D16B22183028C57771FC3DFB76AA1E2ED067D02F1A36135C5A5E16B949123FF50324A9EA71C0F6ADF9AE73538599D2DE4D71E24D2CC7079B7327FABF2FFE5ACB1D687C37D064FB57977705F799FF005CFF00D55797D9CD77A6DD797E7FEEC7FAB7F32BB8F0DFC53D4BEC1E44F7D25B467FE7A7EF62AE6F647552AA749E3586FACF59F32792DBF75FEAE7F33CAFFD175CFDE5E49A94B1C9B228A4FF009E7E67EEBFED9D58FF0084F24BCB0FF576D7D245FF003CEDE3B6ACFB3F11C734BE5FD87ECDE6C959FB334F6A7A27C37D7BFB1EEA39248228BCAF2FFE5A472F9B1C9FBBA2B3FC13A6CF7775E5C7045FF3CE4FDE7EEA8AD867D39E747FDF35279FED54FCFF006A219ABE6CFA035219AAC59DE563C330C7FD33AB10CD401D059DE1F36B42CE6EF5CFC3356859DE7FCF4AC6A523A299D259DE79D2D749A6799F85727A3F9734BEA2BA8D3A5F3A2AE6AA68751A677AE9347AE5F47AE93479A3AC8E83B4D1BB7995D668137932C75C5E8F37EEBDABA4D3A693F77DAB3AA6D48F44D06F3D6BB4D1EEFF00E79C95E6FE1BBCFF0057262BB4D36F3CEE95CE6276967791CD149E5D58F3BCAFC6B1F4D9A3F2A3AD0C7FD33A0CC92A9DE77AB937EEBDEB3F53ED599A2397F151F3A29057E2C7FC17CB4DFF008C8FF0A5F6CC79BE1FFB37FDFBB997FF008E57ED3EB1FEA457E44FFC1C0DA297F17FC37BA09832C5A8C1F9496C7FF6A57ADC3CED8B38B3FA7FEC9A1F9B3451457DF1F9E0514559815269A312398D3FBF4011DA5A3DECA110649A7DE08E294A47279A07F1D4B25E18AD7C88F31A7F1FFD35AA540164DD34B0C7192488C93EF938CD4B6AFB8951D45575CFCB9E41E87D7B7F4A92DD8C5296CF068348489A543E7053C135B3A65D082F602718045656DF3A40D8CE2A78E4265523F86A26B4B9D319EA7A35B09AFAC85DDBAA4912A88A6E092800CE78E9C31EBE95E9DF0AB54B2D7F42FEC696E61B533C7E44534B22C71ABB1651B98E7E505B9C0CE057927C34D75CF9B61232F917C7CBE481B4ED233EFDB8CF6AE85639BC357EB0C2AE55240E8FB78639C80339F5AF3AACACCF42946E84F895E1CD63E18EBED1DF69D7510655D974F03ADABE41E03B0193C30FA83E9590DE3BBB92F161B88ED5A078C010BC6B876273B86EE7185FD2BE83D7DE3F8FFF0006BEDB7966FAC5ED9CE1160B7625C057EB88B1D0487A8EFF004AF9F35CD3EDF4DB35827BA94CF2B8605772790011FBB21558E41CF271F4AD70F5353292E4699CF6BD79E6DD491FD87ECD51E9B78FE6F97FF3CBFD67EEFF00D6D17905A59DF6CFB77EF3CBFDE510DE5A4377FB8825F2FF00BF27975B9C85C9A19218BCCF325F2FFD6475B9A0F99AF45FBF825FFA67FBBACBB3864BCFDDF99E55741E10D064D4AE8F97F66B68E2FF00969E67EF68373D23E18E83E4DD79F1C92F97147249FBBF2FFF00227972515D0786E6B4F0AF873C893FD5FF00CB4F323FF5BFFDAE8AE73A0F4CF3BF7B563ED9FBAAC79B52FDED1FDA51CD5E0FB23DC37219AAC59F6AC7866AD4B398F9BDEA8BA46A43356869B2F790D67D9F6AB967DAB1AA523A4D3479325751A34DFB9FDDD727A6CDE95D268F5CA75A3ACD37FD4C75D268F37EF7DEB97D3A6FF579AE934C9BC9FC6B9CD0EB3479BFEB95749A6DE793E5D71FA6CDE95D069B37A56754DA91D868379FBD8FAD771A3DE7EEA3E95E6FA3CD279B1D751A3DE49E6FFACE6B33A3D91E89A6EA5DE415B96779E77EF3F7B8AE2F41BC8FCBFDE735D059EA524D2FFACAE5AA675691B9E77EEAB3FC8F7A8E1D47CEFF00AE947DB3F75279952648C3D7BF7DFBBAFCA0FF008383B4EF2745F004FCE4DDDE45FF0090E2AFD5FD4A6F5AFCB8FF008383AD125F86BE0BB8DF9922D62E22FF00C85FFDAEBD5C8DFF00B5C0E6CDBFDCE67E53514515FA19F9B851451400514514012C7CBE3D58D4AD8DA149C62A08FE573E829ECC4924648A069972C27024119236B679EF53CA5AD6755500AB9E49EA2B3A162B28273815AACCB3DAFCA41602868D69BEA5FD2EF0E9F770CA923A80431393F29F518AF78F052D87C44F04C701DA6FED20DF1491A6D9647C300199872338EE3EB5F39E997C6D672B307F2D9B1D303FCF4AF45F859E255F0E6AF6B711ACD242658D9D2250EECA1F240CF73F5AE3AB4D1DF4AA3BA47ABFC16F185DF80B5D82E2DDC2D9DC7991FD9D8B182462B9C945239F93393E83DAB07F6C5F09C11FC4C85344B35861974F592E92DADC22ACC669B70C003D07AFD4D7A578AEC2D3C5DA9C9AB6C1A9D8BC4B1DCD8DBB17BB5C360332A9F9573B0E770EA3D6BC5FE316BF716FE22B186E2F127B48EC235B236F305F22DC3388E26C019651D49C9E7A9ACB0ED7358EAACADA9E7DFF000AF6FBCDE20965FF00B67E556ADA78264D3A28CC9E57FDB493CA8AA4FED8B79AD63FF5B8FF00B67256A59D9C7792EF8ED3FD77FCF492BA4E40B4860C797E64B2C9FEAE38E38FCAAED341B392CE6F3248FCA92D7F791DBFFCF2FF00AE9587A3CDFE95FB88E2B68FFE7BFF00ADFF00BF75A9A3F892D26964D363FDEE7FD649FF002CBFEB9D068684DE2A926BF924F33CDB7F2FCBFF00AEBFF4D28ACFD621FECDB09278FF00E5D7ECFF00FA328AE7343DA2F2F23A8ECF52FDEFFAC3597AC5E7EF7DEB2FFB63C9ED5E5D2A47A87A059EA5E74B5B967379DF8579FE83AF24B2D761A3CDFBAF6ACAAD236A4CEA2CE6F3A2F30D6859C3FBDFDDF4AC7D366F4ADCD3BFD68AE6AA6E8D8D1F7F9BDEBA8D1FFD49AE6F47FF005C6BA0D1E1AE53AD1D469B37EEA3AE834CEF5CFE9BFEA63AE834DFDCFF00ABE6B9CD0E92CE6EF5B96737EEBB573F67FBEE9DAB52CFB506A8E93479BC9C4925751A0EA51D71767DAB62CFB5739D68F40D36F3CEF2E3F339AE934DBCF262E24AE0F41BCFDEC7FBCAEA6CEF0CDE5C71D72D503A0FB647E86A2BC9E3FF00587A1AAF0FFAAF2F24553BC9BC9E9FEAEA42C1AC5E7FA2C9E5F7AFCC7FF82FF4FE77C15F07C9FF0051CFFDB692BF4A7529BCEB5F2E335F99FF00F05EA9FED7F047C298EFAFFF00EDB495EAE4FF00EF903CFCDFFDD267E5553CB808073934CA90AEE8B81D0F1C64E3EB5FA19F9991D39005E49A4756421491D01E0E4723349400FDC3D4523950AA14E48EB48118A960A485EA71C0A4A00556DB9E3AD4ACCA9801830CE3A11F8FD2A2F3182150CDB4F519E2900C9E4814013A483CDC0DAC01EB9C03F9D5AD3EE992E0C6C30A7FBDC5675009E80E075A0A526B63B5B4F05A6AD60255B9823009C8249753C71B41C935BDE0CF0B5E5AEA11C76B30B93190CBB23C1500E4120F4F7EBF8D41F0BE44BDD01A696185843215767919493B540E493C9C8E981938C576BA64FB6CE43298EC605E4AB2EE761EAC7DBA8F702B9E6BA33D1A3AC548E9ECBE255EFC3C76D4ADED2D6E2C5B7457B9B92A6F0120281FBB6DA430889DA7FE59F7C9AF3ED75AD3C59AC1BD682D6CEDD89FB2DBC9708ED6B0924A45B88CB6D071B8F26B57C5FE29B7D63C0576F147284B7D8B18660A6425D5778278C1CE0FB13591A3589BFD3ADDC5AC6C648D4E5E43B8F00F39EF59AA514EE693A926F95B2BB7956D20F9230C7F8B6367F9559636724C4CB248E5F700AA3D7A75C55A69AD7FE595B24FFF005EB3E71F5FF3E95774E9A6E316F676A011CCA9BA4EBD7EA3FC2B5E608C6DB11C5A55E6B4C2386DAEA3B36402491000C33D39F7AA89E08BD82EA5305E58B156DD080EC5907BE056EDE5CC71C68F73A806551C3491EC117B2FA83D3F2A6E9FF126C6DD8AC16F757C48C975E83DBFCFAD1CCC66FBE8C2F7459B4F75992E2EDC2C6580C3395DA3393EB45557B94D6E22C258A499865048DB4C6DD03678C63EB4566D023B6D7E4F3BAD73179747A628A2BCAA67AD54AD1EB925BCBF20C57A47C38F1849ABD9C92C89F3C725145157E00A4CF44D22632E33915D2E8B6E9738DE09268A2BCDAA76D237F47FF5C6BA4D3BFD68A28AE13B4E9349FF009675D069B088A3DE3A8A28ACCD0DFB3FF546B56CFF00D5EFEF45141AA346CFFD69AD7D325E631CFEF3AD145739D68E874C9498B38AE8B4CB8784970724514572D50356CEF9E668DC9E6997929EB451526865CD211E657E64FF00C1796E1BFE15B783E2CFC835893FF45D1457A391FF00BE533C6CF3FDD267E604B1E0F079A926FF00534515FA39F9C1022EE600F4353050BD0014514003286041E86A291026319A28A0056876C4AE0E4354F6162B770CAECCC3CAC74EF9CFF8514500477964D66E412A47B54689E63051C13451401DCF80F59B1F0B69AD1DDA5C4B3F9E645F280DB8DA077239EB56EFBE27E9F7E254992FD36126254450B9C7F17CD4515123BE9C9F2A4636A7E345BBD1A4B78C4C259800E58000E1811DFDAB6F45F18E90DA04504D15FB4F1C68AE42AED24019C7CDD3228A29A43537CC6D693E3BB0BE648E182E4348C00DE148E5957D7D587EB5ADA7D8DEEA1E78F3618E384296D848383BBA71D7E5345159C99AC64D94755F0EC30249B27B99263CE6420AAF3CE2B9E82E65B670970FE606E46DA28A852659ADE1ED42EAD75681ED1D50452AF0DDC020914514567366B047FFD9,'self','classic','1000','credit card','2012-12-19',NULL),
 (3,'anil33','anilkumar','Anil','Kumar','Kodi','anil33@gmail.com',NULL,'self','classic','1000','credit card','2012-12-19',NULL);
INSERT INTO `register` (`User_id`,`User_name`,`Password`,`First_name`,`Middle_name`,`Last_name`,`Email_id`,`Profile_picture`,`profile_created_for`,`membership_type`,`membership_amount`,`payment_mode`,`start_date`,`Acc_expiry_date`) VALUES 
 (4,'Anushka','password','Anushka','Sharma','Sharma','anushka77@gmail.com',NULL,'self','classic','1000','credit card','2012-12-19',NULL),
 (5,'princej','coding','prince','M','jain','princemj@gmail.com',NULL,'self','classic','1000','credit card','2012-12-19',NULL),
 (6,'Sunny38','proposition','sunny','s','leone','sunny09@gmail.com',NULL,'self','classic','1000','credit card','2012-12-19',NULL),
 (7,'sandeep87','terrorist','Sandeep','Kumar','Sinha','sandy@gmail.com',NULL,'self','classic','1000','credit card','2012-12-19',NULL),
 (8,'deepikaP','mallya','deepika','P','padukone','deepikaP@yahoo.com',NULL,'self','classic','1000','credit card','2012-12-19',NULL),
 (9,'abhi92','laugngOutLoudly','Abhilash','','V','abhiV@gmail.com',NULL,'self','classic','1000','credit card','2012-12-19',NULL),
 (10,'Emma51','Watson','Emma','w','watson','EmmaW@gmail.com',NULL,'self','classic','1000','credit card','2012-12-19',NULL);
/*!40000 ALTER TABLE `register` ENABLE KEYS */;


--
-- Definition of table `service_list`
--

DROP TABLE IF EXISTS `service_list`;
CREATE TABLE `service_list` (
  `Service_code` varchar(50) NOT NULL,
  `service_name` varchar(20) NOT NULL,
  `charges` int(10) unsigned NOT NULL,
  PRIMARY KEY (`Service_code`)
) ENGINE=InnoDB DEFAULT CHARSET=latin1;

--
-- Dumping data for table `service_list`
--

/*!40000 ALTER TABLE `service_list` DISABLE KEYS */;
INSERT INTO `service_list` (`Service_code`,`service_name`,`charges`) VALUES 
 ('SER_1','Food',600),
 ('SER_2','Decoration',75000),
 ('SER_3','power supply',50000),
 ('SER_4','Music & DJ',15000),
 ('SER_5','Crockery',30000),
 ('SER_6','Helper',10000),
 ('SER_7','Cracker',10000),
 ('SER_8','Beautician',15000),
 ('SER_9','Band',30000);
/*!40000 ALTER TABLE `service_list` ENABLE KEYS */;


--
-- Definition of table `wedding_info`
--

DROP TABLE IF EXISTS `wedding_info`;
CREATE TABLE `wedding_info` (
  `wedding_id` varchar(8) DEFAULT NULL,
  `Hall_id` varchar(8) DEFAULT NULL,
  `wedding_date` date DEFAULT NULL,
  KEY `FK_wedding_id` (`wedding_id`),
  KEY `FK_hall_id` (`Hall_id`),
  CONSTRAINT `FK_hall_id` FOREIGN KEY (`Hall_id`) REFERENCES `halls` (`Hall_id`),
  CONSTRAINT `FK_wedding_id` FOREIGN KEY (`wedding_id`) REFERENCES `master_wed` (`Wedding_id`)
) ENGINE=InnoDB DEFAULT CHARSET=latin1;

--
-- Dumping data for table `wedding_info`
--

/*!40000 ALTER TABLE `wedding_info` DISABLE KEYS */;
INSERT INTO `wedding_info` (`wedding_id`,`Hall_id`,`wedding_date`) VALUES 
 ('W1','P2_H2','2012-12-20');
/*!40000 ALTER TABLE `wedding_info` ENABLE KEYS */;


--
-- Definition of function `event_cost`
--

DROP FUNCTION IF EXISTS `event_cost`;

DELIMITER $$

/*!50003 SET @TEMP_SQL_MODE=@@SQL_MODE, SQL_MODE='STRICT_TRANS_TABLES,NO_AUTO_CREATE_USER,NO_ENGINE_SUBSTITUTION' */ $$
CREATE DEFINER=`root`@`localhost` FUNCTION `event_cost`(event varchar(25),guest_count integer(10)) RETURNS int(11)
BEGIN
	return (select sum(if(s.service_name='Food',s.charges*guest_count,s.charges)) as "CHARGES"
    from service_list s
    join event_booking e on (e.service_code=s.service_code)
    join event_master em on(em.event_id=e.event_id)
    where em.event_name=event);
	end $$
/*!50003 SET SESSION SQL_MODE=@TEMP_SQL_MODE */  $$

DELIMITER ;

--
-- Definition of procedure `find_charges_for`
--

DROP PROCEDURE IF EXISTS `find_charges_for`;

DELIMITER $$

/*!50003 SET @TEMP_SQL_MODE=@@SQL_MODE, SQL_MODE='STRICT_TRANS_TABLES,NO_AUTO_CREATE_USER,NO_ENGINE_SUBSTITUTION' */ $$
CREATE DEFINER=`root`@`localhost` PROCEDURE `find_charges_for`(event varchar(25),guest_count integer )
BEGIN
    select em.event_name as "EVENT NAME",sum(if(s.service_name='Food',s.charges*guest_count,s.charges)) as "CHARGES"
    from service_list s
    join event_booking e on (e.service_code=s.service_code)
    join event_master em on(em.event_id=e.event_id)
    where em.event_name=event;
END $$
/*!50003 SET SESSION SQL_MODE=@TEMP_SQL_MODE */  $$

DELIMITER ;

--
-- Definition of procedure `find_services_in`
--

DROP PROCEDURE IF EXISTS `find_services_in`;

DELIMITER $$

/*!50003 SET @TEMP_SQL_MODE=@@SQL_MODE, SQL_MODE='STRICT_TRANS_TABLES,NO_AUTO_CREATE_USER,NO_ENGINE_SUBSTITUTION' */ $$
CREATE DEFINER=`root`@`localhost` PROCEDURE `find_services_in`(event varchar(25),guest_count integer)
BEGIN
    select s.service_name as "SERVICE NAME",if(s.service_name='Food',s.charges*guest_count,s.charges) as "CHARGES"
    from service_list s
    join event_booking e on (e.service_code=s.service_code)
    join event_master em on(em.event_id=e.event_id)
    where em.event_name=event;
END $$
/*!50003 SET SESSION SQL_MODE=@TEMP_SQL_MODE */  $$

DELIMITER ;

--
-- Definition of procedure `match_finder`
--

DROP PROCEDURE IF EXISTS `match_finder`;

DELIMITER $$

/*!50003 SET @TEMP_SQL_MODE=@@SQL_MODE, SQL_MODE='STRICT_TRANS_TABLES,NO_AUTO_CREATE_USER,NO_ENGINE_SUBSTITUTION' */ $$
CREATE DEFINER=`root`@`localhost` PROCEDURE `match_finder`(input int, in_gender varchar(15))
    MODIFIES SQL DATA
    COMMENT 'Select addresses with that id.'
begin
start transaction;
select distinct dr.first_name, r.first_name from register dr join register r join personal_details p
where(
(dr.user_id = input and r.user_id in (select  user_id from personal_details where (looking_for = in_gender and
mothertongue in (select partner_mothertongue from personal_details where user_id = input) and
education_field in (select partners_edu_field from personal_details where user_id = input) and
religion in (select partner_religion from personal_details where user_id = input) and
user_id in (select user_id from personal_details where
YEAR(CURDATE())- YEAR(D_O_B) > p_age_range_from and YEAR(CURDATE())- YEAR(D_O_B) < p_age_range_to) and
(my_diet    =  (select partners_diet_type from personal_Details where user_id = input) or
My_cast  =  (select partners_cast from personal_Details where user_id = input) or
my_sub_cast  =  (select partners_subcast from personal_Details where user_id = input) or
my_country  =  (select partners_country from personal_Details where user_id = input) or
relationship_status  =  (select partners_marrital_status from personal_Details where user_id = input) or
my_professional_area  =  (select partners_prof_area from personal_Details where user_id = input) or
I_m_working_as  =  (select partners_working_as from personal_Details where user_id = input) or
smoking  =  (select partners_smoking from personal_Details where user_id = input) or
drink  =  (select partners_drink from personal_Details where user_id = input) or
complexion  =  (select partners_complexion from personal_Details where user_id = input)
)))));

commit;
end $$
/*!50003 SET SESSION SQL_MODE=@TEMP_SQL_MODE */  $$

DELIMITER ;



/*!40101 SET SQL_MODE=@OLD_SQL_MODE */;
/*!40014 SET FOREIGN_KEY_CHECKS=@OLD_FOREIGN_KEY_CHECKS */;
/*!40014 SET UNIQUE_CHECKS=@OLD_UNIQUE_CHECKS */;
/*!40101 SET CHARACTER_SET_CLIENT=@OLD_CHARACTER_SET_CLIENT */;
/*!40101 SET CHARACTER_SET_RESULTS=@OLD_CHARACTER_SET_RESULTS */;
/*!40101 SET COLLATION_CONNECTION=@OLD_COLLATION_CONNECTION */;
/*!40101 SET CHARACTER_SET_CLIENT=@OLD_CHARACTER_SET_CLIENT */;
